Recording date:	2014/02/18
Recording time:	15:35:27
Recording resolution	1024 x 768

TimeStamp	GazePointXLeft	GazePointYLeft	ValidityLeft	GazePointXRight	GazePointYRight	ValidityRight	GazePointX	GazePointY	Event
0.0	-1.0000	-1.0000	4	-1.0000	-1.0000	4	-1.0000	-1.0000	
17.5	-1.0000	-1.0000	4	-1.0000	-1.0000	4	-1.0000	-1.0000	
34.2	-1.0000	-1.0000	4	-1.0000	-1.0000	4	-1.0000	-1.0000	
51.6	-1.0000	-1.0000	4	-1.0000	-1.0000	4	-1.0000	-1.0000	
69.3	-1.0000	-1.0000	4	-1.0000	-1.0000	4	-1.0000	-1.0000	
86.7	-1.0000	-1.0000	4	-1.0000	-1.0000	4	-1.0000	-1.0000	
104.0	-1.0000	-1.0000	4	-1.0000	-1.0000	4	-1.0000	-1.0000	
118.7	-1.0000	-1.0000	4	-1.0000	-1.0000	4	-1.0000	-1.0000	
135.3	-1.0000	-1.0000	4	-1.0000	-1.0000	4	-1.0000	-1.0000	
152.0	-1.0000	-1.0000	4	-1.0000	-1.0000	4	-1.0000	-1.0000	
168.6	-1.0000	-1.0000	4	-1.0000	-1.0000	4	-1.0000	-1.0000	
185.3	-1.0000	-1.0000	4	-1.0000	-1.0000	4	-1.0000	-1.0000	
201.9	-1.0000	-1.0000	4	-1.0000	-1.0000	4	-1.0000	-1.0000	
219.1	-1.0000	-1.0000	4	-1.0000	-1.0000	4	-1.0000	-1.0000	
236.5	-1.0000	-1.0000	4	-1.0000	-1.0000	4	-1.0000	-1.0000	
253.8	-1.0000	-1.0000	4	-1.0000	-1.0000	4	-1.0000	-1.0000	
268.6	-1.0000	-1.0000	4	-1.0000	-1.0000	4	-1.0000	-1.0000	
285.2	-1.0000	-1.0000	4	-1.0000	-1.0000	4	-1.0000	-1.0000	
301.9	-1.0000	-1.0000	4	-1.0000	-1.0000	4	-1.0000	-1.0000	
318.5	-1.0000	-1.0000	4	-1.0000	-1.0000	4	-1.0000	-1.0000	
335.2	-1.0000	-1.0000	4	-1.0000	-1.0000	4	-1.0000	-1.0000	
351.9	-1.0000	-1.0000	4	-1.0000	-1.0000	4	-1.0000	-1.0000	
369.0	-1.0000	-1.0000	4	-1.0000	-1.0000	4	-1.0000	-1.0000	
386.4	-1.0000	-1.0000	4	-1.0000	-1.0000	4	-1.0000	-1.0000	
403.8	-1.0000	-1.0000	4	-1.0000	-1.0000	4	-1.0000	-1.0000	
418.5	-1.0000	-1.0000	4	-1.0000	-1.0000	4	-1.0000	-1.0000	
435.1	-1.0000	-1.0000	4	-1.0000	-1.0000	4	-1.0000	-1.0000	
451.7	-1.0000	-1.0000	4	-1.0000	-1.0000	4	-1.0000	-1.0000	
468.3	-1.0000	-1.0000	4	-1.0000	-1.0000	4	-1.0000	-1.0000	
485.1	-1.0000	-1.0000	4	-1.0000	-1.0000	4	-1.0000	-1.0000	
501.7	-1.0000	-1.0000	4	-1.0000	-1.0000	4	-1.0000	-1.0000	
518.9	-1.0000	-1.0000	4	-1.0000	-1.0000	4	-1.0000	-1.0000	
536.3	-1.0000	-1.0000	4	-1.0000	-1.0000	4	-1.0000	-1.0000	
553.6	-1.0000	-1.0000	4	-1.0000	-1.0000	4	-1.0000	-1.0000	
568.3	-1.0000	-1.0000	4	-1.0000	-1.0000	4	-1.0000	-1.0000	
584.9	-1.0000	-1.0000	4	-1.0000	-1.0000	4	-1.0000	-1.0000	
601.7	-1.0000	-1.0000	4	-1.0000	-1.0000	4	-1.0000	-1.0000	
618.3	-1.0000	-1.0000	4	-1.0000	-1.0000	4	-1.0000	-1.0000	
634.9	-1.0000	-1.0000	4	-1.0000	-1.0000	4	-1.0000	-1.0000	
651.5	-1.0000	-1.0000	4	-1.0000	-1.0000	4	-1.0000	-1.0000	
668.8	-1.0000	-1.0000	4	-1.0000	-1.0000	4	-1.0000	-1.0000	
686.2	-1.0000	-1.0000	4	-1.0000	-1.0000	4	-1.0000	-1.0000	
703.4	-1.0000	-1.0000	4	-1.0000	-1.0000	4	-1.0000	-1.0000	
718.1	-1.0000	-1.0000	4	-1.0000	-1.0000	4	-1.0000	-1.0000	
734.8	-1.0000	-1.0000	4	-1.0000	-1.0000	4	-1.0000	-1.0000	
751.5	-1.0000	-1.0000	4	-1.0000	-1.0000	4	-1.0000	-1.0000	
768.1	-1.0000	-1.0000	4	-1.0000	-1.0000	4	-1.0000	-1.0000	
784.8	-1.0000	-1.0000	4	-1.0000	-1.0000	4	-1.0000	-1.0000	
801.5	-1.0000	-1.0000	4	-1.0000	-1.0000	4	-1.0000	-1.0000	
818.6	-1.0000	-1.0000	4	-1.0000	-1.0000	4	-1.0000	-1.0000	
836.0	-1.0000	-1.0000	4	-1.0000	-1.0000	4	-1.0000	-1.0000	
853.3	-1.0000	-1.0000	4	-1.0000	-1.0000	4	-1.0000	-1.0000	
868.1	-1.0000	-1.0000	4	-1.0000	-1.0000	4	-1.0000	-1.0000	
884.7	-1.0000	-1.0000	4	-1.0000	-1.0000	4	-1.0000	-1.0000	
901.4	-1.0000	-1.0000	4	-1.0000	-1.0000	4	-1.0000	-1.0000	
918.0	-1.0000	-1.0000	4	-1.0000	-1.0000	4	-1.0000	-1.0000	
934.7	-1.0000	-1.0000	4	-1.0000	-1.0000	4	-1.0000	-1.0000	
951.4	-1.0000	-1.0000	4	-1.0000	-1.0000	4	-1.0000	-1.0000	
968.5	-1.0000	-1.0000	4	-1.0000	-1.0000	4	-1.0000	-1.0000	
985.8	-1.0000	-1.0000	4	-1.0000	-1.0000	4	-1.0000	-1.0000	
1003.1	-1.0000	-1.0000	4	-1.0000	-1.0000	4	-1.0000	-1.0000	
1018.0	-1.0000	-1.0000	4	-1.0000	-1.0000	4	-1.0000	-1.0000	
1034.6	-1.0000	-1.0000	4	-1.0000	-1.0000	4	-1.0000	-1.0000	
1051.3	-1.0000	-1.0000	4	-1.0000	-1.0000	4	-1.0000	-1.0000	
1068.0	-1.0000	-1.0000	4	-1.0000	-1.0000	4	-1.0000	-1.0000	
1084.6	-1.0000	-1.0000	4	-1.0000	-1.0000	4	-1.0000	-1.0000	
1101.2	-1.0000	-1.0000	4	-1.0000	-1.0000	4	-1.0000	-1.0000	
1118.4	-1.0000	-1.0000	4	-1.0000	-1.0000	4	-1.0000	-1.0000	
1135.8	-1.0000	-1.0000	4	-1.0000	-1.0000	4	-1.0000	-1.0000	
1153.1	-1.0000	-1.0000	4	-1.0000	-1.0000	4	-1.0000	-1.0000	
1167.8	-1.0000	-1.0000	4	-1.0000	-1.0000	4	-1.0000	-1.0000	
1184.4	-1.0000	-1.0000	4	-1.0000	-1.0000	4	-1.0000	-1.0000	
1201.2	-1.0000	-1.0000	4	-1.0000	-1.0000	4	-1.0000	-1.0000	
1217.8	-1.0000	-1.0000	4	-1.0000	-1.0000	4	-1.0000	-1.0000	
1234.4	-1.0000	-1.0000	4	-1.0000	-1.0000	4	-1.0000	-1.0000	
1251.0	-1.0000	-1.0000	4	-1.0000	-1.0000	4	-1.0000	-1.0000	
1268.3	-1.0000	-1.0000	4	-1.0000	-1.0000	4	-1.0000	-1.0000	
1285.7	-1.0000	-1.0000	4	-1.0000	-1.0000	4	-1.0000	-1.0000	
1303.1	-1.0000	-1.0000	4	-1.0000	-1.0000	4	-1.0000	-1.0000	
1317.8	-1.0000	-1.0000	4	-1.0000	-1.0000	4	-1.0000	-1.0000	
1334.4	-1.0000	-1.0000	4	-1.0000	-1.0000	4	-1.0000	-1.0000	
1351.0	-1.0000	-1.0000	4	-1.0000	-1.0000	4	-1.0000	-1.0000	
1367.6	-1.0000	-1.0000	4	-1.0000	-1.0000	4	-1.0000	-1.0000	
1384.4	-1.0000	-1.0000	4	-1.0000	-1.0000	4	-1.0000	-1.0000	
1401.0	-1.0000	-1.0000	4	-1.0000	-1.0000	4	-1.0000	-1.0000	
1418.1	-1.0000	-1.0000	4	-1.0000	-1.0000	4	-1.0000	-1.0000	
1435.5	-1.0000	-1.0000	4	-1.0000	-1.0000	4	-1.0000	-1.0000	
1452.9	-1.0000	-1.0000	4	-1.0000	-1.0000	4	-1.0000	-1.0000	
1467.6	-1.0000	-1.0000	4	-1.0000	-1.0000	4	-1.0000	-1.0000	
1484.2	-1.0000	-1.0000	4	-1.0000	-1.0000	4	-1.0000	-1.0000	
1501.0	-1.0000	-1.0000	4	-1.0000	-1.0000	4	-1.0000	-1.0000	
1517.6	-1.0000	-1.0000	4	-1.0000	-1.0000	4	-1.0000	-1.0000	
1534.2	-1.0000	-1.0000	4	-1.0000	-1.0000	4	-1.0000	-1.0000	
1550.8	-1.0000	-1.0000	4	-1.0000	-1.0000	4	-1.0000	-1.0000	
1568.1	-1.0000	-1.0000	4	-1.0000	-1.0000	4	-1.0000	-1.0000	
1585.5	-1.0000	-1.0000	4	-1.0000	-1.0000	4	-1.0000	-1.0000	
1602.7	-1.0000	-1.0000	4	-1.0000	-1.0000	4	-1.0000	-1.0000	
1617.4	-1.0000	-1.0000	4	-1.0000	-1.0000	4	-1.0000	-1.0000	
1634.1	-1.0000	-1.0000	4	-1.0000	-1.0000	4	-1.0000	-1.0000	
1650.8	-1.0000	-1.0000	4	-1.0000	-1.0000	4	-1.0000	-1.0000	
1667.4	-1.0000	-1.0000	4	-1.0000	-1.0000	4	-1.0000	-1.0000	
1684.1	-1.0000	-1.0000	4	-1.0000	-1.0000	4	-1.0000	-1.0000	
1700.7	-1.0000	-1.0000	4	-1.0000	-1.0000	4	-1.0000	-1.0000	
1717.9	-1.0000	-1.0000	4	-1.0000	-1.0000	4	-1.0000	-1.0000	
1735.3	-1.0000	-1.0000	4	-1.0000	-1.0000	4	-1.0000	-1.0000	
1752.6	-1.0000	-1.0000	4	-1.0000	-1.0000	4	-1.0000	-1.0000	
1767.3	-1.0000	-1.0000	4	-1.0000	-1.0000	4	-1.0000	-1.0000	
1784.0	-1.0000	-1.0000	4	-1.0000	-1.0000	4	-1.0000	-1.0000	
1800.6	-1.0000	-1.0000	4	-1.0000	-1.0000	4	-1.0000	-1.0000	
1817.3	-1.0000	-1.0000	4	-1.0000	-1.0000	4	-1.0000	-1.0000	
1833.9	-1.0000	-1.0000	4	-1.0000	-1.0000	4	-1.0000	-1.0000	
1850.6	-1.0000	-1.0000	4	-1.0000	-1.0000	4	-1.0000	-1.0000	
1867.8	-1.0000	-1.0000	4	-1.0000	-1.0000	4	-1.0000	-1.0000	
1885.1	-1.0000	-1.0000	4	-1.0000	-1.0000	4	-1.0000	-1.0000	
1902.4	-1.0000	-1.0000	4	-1.0000	-1.0000	4	-1.0000	-1.0000	
1917.2	-1.0000	-1.0000	4	-1.0000	-1.0000	4	-1.0000	-1.0000	
1933.9	-1.0000	-1.0000	4	-1.0000	-1.0000	4	-1.0000	-1.0000	
1950.5	-1.0000	-1.0000	4	-1.0000	-1.0000	4	-1.0000	-1.0000	
1967.1	-1.0000	-1.0000	4	-1.0000	-1.0000	4	-1.0000	-1.0000	
1983.9	-1.0000	-1.0000	4	-1.0000	-1.0000	4	-1.0000	-1.0000	
2000.5	-1.0000	-1.0000	4	-1.0000	-1.0000	4	-1.0000	-1.0000	
2017.7	-1.0000	-1.0000	4	-1.0000	-1.0000	4	-1.0000	-1.0000	
2035.0	-1.0000	-1.0000	4	-1.0000	-1.0000	4	-1.0000	-1.0000	
2052.4	-1.0000	-1.0000	4	-1.0000	-1.0000	4	-1.0000	-1.0000	
2067.1	-1.0000	-1.0000	4	-1.0000	-1.0000	4	-1.0000	-1.0000	
2083.7	-1.0000	-1.0000	4	-1.0000	-1.0000	4	-1.0000	-1.0000	
2100.5	-1.0000	-1.0000	4	-1.0000	-1.0000	4	-1.0000	-1.0000	
2117.1	-1.0000	-1.0000	4	-1.0000	-1.0000	4	-1.0000	-1.0000	
2133.7	-1.0000	-1.0000	4	-1.0000	-1.0000	4	-1.0000	-1.0000	
2150.3	-1.0000	-1.0000	4	-1.0000	-1.0000	4	-1.0000	-1.0000	
2167.6	-1.0000	-1.0000	4	-1.0000	-1.0000	4	-1.0000	-1.0000	
2184.9	-1.0000	-1.0000	4	-1.0000	-1.0000	4	-1.0000	-1.0000	
2202.2	-1.0000	-1.0000	4	-1.0000	-1.0000	4	-1.0000	-1.0000	
2216.9	-1.0000	-1.0000	4	-1.0000	-1.0000	4	-1.0000	-1.0000	
2233.5	-1.0000	-1.0000	4	-1.0000	-1.0000	4	-1.0000	-1.0000	
2250.3	-1.0000	-1.0000	4	-1.0000	-1.0000	4	-1.0000	-1.0000	
2266.9	-1.0000	-1.0000	4	-1.0000	-1.0000	4	-1.0000	-1.0000	
2283.5	-1.0000	-1.0000	4	-1.0000	-1.0000	4	-1.0000	-1.0000	
2300.2	-1.0000	-1.0000	4	-1.0000	-1.0000	4	-1.0000	-1.0000	
2317.4	-1.0000	-1.0000	4	-1.0000	-1.0000	4	-1.0000	-1.0000	
2334.8	-1.0000	-1.0000	4	-1.0000	-1.0000	4	-1.0000	-1.0000	
2352.1	-1.0000	-1.0000	4	-1.0000	-1.0000	4	-1.0000	-1.0000	
2366.9	-1.0000	-1.0000	4	-1.0000	-1.0000	4	-1.0000	-1.0000	
2383.5	-1.0000	-1.0000	4	-1.0000	-1.0000	4	-1.0000	-1.0000	
2400.1	-1.0000	-1.0000	4	-1.0000	-1.0000	4	-1.0000	-1.0000	
2416.8	-1.0000	-1.0000	4	-1.0000	-1.0000	4	-1.0000	-1.0000	
2433.5	-1.0000	-1.0000	4	-1.0000	-1.0000	4	-1.0000	-1.0000	
2450.1	-1.0000	-1.0000	4	-1.0000	-1.0000	4	-1.0000	-1.0000	
2467.2	-1.0000	-1.0000	4	-1.0000	-1.0000	4	-1.0000	-1.0000	
2484.6	-1.0000	-1.0000	4	-1.0000	-1.0000	4	-1.0000	-1.0000	
2502.0	-1.0000	-1.0000	4	-1.0000	-1.0000	4	-1.0000	-1.0000	
2516.7	-1.0000	-1.0000	4	-1.0000	-1.0000	4	-1.0000	-1.0000	
2533.4	-1.0000	-1.0000	4	-1.0000	-1.0000	4	-1.0000	-1.0000	
2550.1	-1.0000	-1.0000	4	-1.0000	-1.0000	4	-1.0000	-1.0000	
2566.7	-1.0000	-1.0000	4	-1.0000	-1.0000	4	-1.0000	-1.0000	
2583.3	-1.0000	-1.0000	4	-1.0000	-1.0000	4	-1.0000	-1.0000	
2600.0	-1.0000	-1.0000	4	-1.0000	-1.0000	4	-1.0000	-1.0000	
2617.2	-1.0000	-1.0000	4	-1.0000	-1.0000	4	-1.0000	-1.0000	
2634.6	-1.0000	-1.0000	4	-1.0000	-1.0000	4	-1.0000	-1.0000	
2651.9	-1.0000	-1.0000	4	-1.0000	-1.0000	4	-1.0000	-1.0000	
2666.6	-1.0000	-1.0000	4	-1.0000	-1.0000	4	-1.0000	-1.0000	
2683.2	-1.0000	-1.0000	4	-1.0000	-1.0000	4	-1.0000	-1.0000	
2699.9	-1.0000	-1.0000	4	-1.0000	-1.0000	4	-1.0000	-1.0000	
2716.6	-1.0000	-1.0000	4	-1.0000	-1.0000	4	-1.0000	-1.0000	
2733.2	-1.0000	-1.0000	4	-1.0000	-1.0000	4	-1.0000	-1.0000	
2749.8	-1.0000	-1.0000	4	-1.0000	-1.0000	4	-1.0000	-1.0000	
2767.1	-1.0000	-1.0000	4	-1.0000	-1.0000	4	-1.0000	-1.0000	
2784.4	-1.0000	-1.0000	4	-1.0000	-1.0000	4	-1.0000	-1.0000	
2801.7	-1.0000	-1.0000	4	-1.0000	-1.0000	4	-1.0000	-1.0000	
2816.5	-1.0000	-1.0000	4	-1.0000	-1.0000	4	-1.0000	-1.0000	
2833.2	-1.0000	-1.0000	4	-1.0000	-1.0000	4	-1.0000	-1.0000	
2849.8	-1.0000	-1.0000	4	-1.0000	-1.0000	4	-1.0000	-1.0000	
2866.5	-1.0000	-1.0000	4	-1.0000	-1.0000	4	-1.0000	-1.0000	
2883.2	-1.0000	-1.0000	4	-1.0000	-1.0000	4	-1.0000	-1.0000	
2899.8	-1.0000	-1.0000	4	-1.0000	-1.0000	4	-1.0000	-1.0000	
2916.9	-1.0000	-1.0000	4	-1.0000	-1.0000	4	-1.0000	-1.0000	
2934.3	-1.0000	-1.0000	4	-1.0000	-1.0000	4	-1.0000	-1.0000	
2951.6	-1.0000	-1.0000	4	-1.0000	-1.0000	4	-1.0000	-1.0000	
2966.4	-1.0000	-1.0000	4	-1.0000	-1.0000	4	-1.0000	-1.0000	
2983.0	-1.0000	-1.0000	4	-1.0000	-1.0000	4	-1.0000	-1.0000	
2999.8	-1.0000	-1.0000	4	-1.0000	-1.0000	4	-1.0000	-1.0000	
3016.2	-1.0000	-1.0000	4	-1.0000	-1.0000	4	-1.0000	-1.0000	
3033.0	-1.0000	-1.0000	4	-1.0000	-1.0000	4	-1.0000	-1.0000	
3049.6	-1.0000	-1.0000	4	-1.0000	-1.0000	4	-1.0000	-1.0000	
3066.9	-1.0000	-1.0000	4	-1.0000	-1.0000	4	-1.0000	-1.0000	
3084.2	-1.0000	-1.0000	4	-1.0000	-1.0000	4	-1.0000	-1.0000	
3101.5	-1.0000	-1.0000	4	-1.0000	-1.0000	4	-1.0000	-1.0000	
3116.2	-1.0000	-1.0000	4	-1.0000	-1.0000	4	-1.0000	-1.0000	
3132.8	-1.0000	-1.0000	4	-1.0000	-1.0000	4	-1.0000	-1.0000	
3149.6	-1.0000	-1.0000	4	-1.0000	-1.0000	4	-1.0000	-1.0000	
3166.2	-1.0000	-1.0000	4	-1.0000	-1.0000	4	-1.0000	-1.0000	
3182.8	-1.0000	-1.0000	4	-1.0000	-1.0000	4	-1.0000	-1.0000	
3199.5	-1.0000	-1.0000	4	-1.0000	-1.0000	4	-1.0000	-1.0000	
3216.7	-1.0000	-1.0000	4	-1.0000	-1.0000	4	-1.0000	-1.0000	
3234.1	-1.0000	-1.0000	4	-1.0000	-1.0000	4	-1.0000	-1.0000	
3251.4	-1.0000	-1.0000	4	-1.0000	-1.0000	4	-1.0000	-1.0000	
3266.1	-1.0000	-1.0000	4	-1.0000	-1.0000	4	-1.0000	-1.0000	
3282.8	-1.0000	-1.0000	4	-1.0000	-1.0000	4	-1.0000	-1.0000	
3299.4	-1.0000	-1.0000	4	-1.0000	-1.0000	4	-1.0000	-1.0000	
3316.1	-1.0000	-1.0000	4	-1.0000	-1.0000	4	-1.0000	-1.0000	
3332.7	-1.0000	-1.0000	4	-1.0000	-1.0000	4	-1.0000	-1.0000	
3349.4	-1.0000	-1.0000	4	-1.0000	-1.0000	4	-1.0000	-1.0000	
3366.5	-1.0000	-1.0000	4	-1.0000	-1.0000	4	-1.0000	-1.0000	
3383.9	-1.0000	-1.0000	4	-1.0000	-1.0000	4	-1.0000	-1.0000	
3401.2	-1.0000	-1.0000	4	-1.0000	-1.0000	4	-1.0000	-1.0000	
3416.0	-1.0000	-1.0000	4	-1.0000	-1.0000	4	-1.0000	-1.0000	
3432.7	-1.0000	-1.0000	4	-1.0000	-1.0000	4	-1.0000	-1.0000	
3449.3	-1.0000	-1.0000	4	-1.0000	-1.0000	4	-1.0000	-1.0000	
3466.0	-1.0000	-1.0000	4	-1.0000	-1.0000	4	-1.0000	-1.0000	
3482.6	-1.0000	-1.0000	4	-1.0000	-1.0000	4	-1.0000	-1.0000	
3499.3	-1.0000	-1.0000	4	-1.0000	-1.0000	4	-1.0000	-1.0000	
3516.5	-1.0000	-1.0000	4	-1.0000	-1.0000	4	-1.0000	-1.0000	
3533.8	-1.0000	-1.0000	4	-1.0000	-1.0000	4	-1.0000	-1.0000	
3551.1	-1.0000	-1.0000	4	-1.0000	-1.0000	4	-1.0000	-1.0000	
3565.9	-1.0000	-1.0000	4	-1.0000	-1.0000	4	-1.0000	-1.0000	
3582.5	-1.0000	-1.0000	4	-1.0000	-1.0000	4	-1.0000	-1.0000	
3599.2	-1.0000	-1.0000	4	-1.0000	-1.0000	4	-1.0000	-1.0000	
3615.9	-1.0000	-1.0000	4	-1.0000	-1.0000	4	-1.0000	-1.0000	
3632.5	-1.0000	-1.0000	4	-1.0000	-1.0000	4	-1.0000	-1.0000	
3649.1	-1.0000	-1.0000	4	-1.0000	-1.0000	4	-1.0000	-1.0000	
3666.4	-1.0000	-1.0000	4	-1.0000	-1.0000	4	-1.0000	-1.0000	
3683.7	-1.0000	-1.0000	4	-1.0000	-1.0000	4	-1.0000	-1.0000	
3701.0	-1.0000	-1.0000	4	-1.0000	-1.0000	4	-1.0000	-1.0000	
3715.7	-1.0000	-1.0000	4	-1.0000	-1.0000	4	-1.0000	-1.0000	
3732.3	-1.0000	-1.0000	4	-1.0000	-1.0000	4	-1.0000	-1.0000	
3749.1	-1.0000	-1.0000	4	-1.0000	-1.0000	4	-1.0000	-1.0000	
3765.7	-1.0000	-1.0000	4	-1.0000	-1.0000	4	-1.0000	-1.0000	
3782.3	-1.0000	-1.0000	4	-1.0000	-1.0000	4	-1.0000	-1.0000	
3799.0	-1.0000	-1.0000	4	-1.0000	-1.0000	4	-1.0000	-1.0000	
3816.2	-1.0000	-1.0000	4	-1.0000	-1.0000	4	-1.0000	-1.0000	
3833.6	-1.0000	-1.0000	4	-1.0000	-1.0000	4	-1.0000	-1.0000	
3850.9	-1.0000	-1.0000	4	-1.0000	-1.0000	4	-1.0000	-1.0000	
3865.7	-1.0000	-1.0000	4	-1.0000	-1.0000	4	-1.0000	-1.0000	
3882.3	-1.0000	-1.0000	4	-1.0000	-1.0000	4	-1.0000	-1.0000	
3898.9	-1.0000	-1.0000	4	-1.0000	-1.0000	4	-1.0000	-1.0000	
3915.6	-1.0000	-1.0000	4	-1.0000	-1.0000	4	-1.0000	-1.0000	
3932.3	-1.0000	-1.0000	4	-1.0000	-1.0000	4	-1.0000	-1.0000	
3948.9	-1.0000	-1.0000	4	-1.0000	-1.0000	4	-1.0000	-1.0000	
3966.0	-1.0000	-1.0000	4	-1.0000	-1.0000	4	-1.0000	-1.0000	
3983.4	-1.0000	-1.0000	4	-1.0000	-1.0000	4	-1.0000	-1.0000	
4000.8	-1.0000	-1.0000	4	-1.0000	-1.0000	4	-1.0000	-1.0000	
4015.5	-1.0000	-1.0000	4	-1.0000	-1.0000	4	-1.0000	-1.0000	
4032.2	-1.0000	-1.0000	4	-1.0000	-1.0000	4	-1.0000	-1.0000	
4048.9	-1.0000	-1.0000	4	-1.0000	-1.0000	4	-1.0000	-1.0000	
4065.4	-1.0000	-1.0000	4	-1.0000	-1.0000	4	-1.0000	-1.0000	
4082.1	-1.0000	-1.0000	4	-1.0000	-1.0000	4	-1.0000	-1.0000	
4098.8	-1.0000	-1.0000	4	-1.0000	-1.0000	4	-1.0000	-1.0000	
4116.0	-1.0000	-1.0000	4	-1.0000	-1.0000	4	-1.0000	-1.0000	
4133.4	-1.0000	-1.0000	4	-1.0000	-1.0000	4	-1.0000	-1.0000	
4150.7	-1.0000	-1.0000	4	-1.0000	-1.0000	4	-1.0000	-1.0000	
4165.4	-1.0000	-1.0000	4	-1.0000	-1.0000	4	-1.0000	-1.0000	
4182.0	-1.0000	-1.0000	4	-1.0000	-1.0000	4	-1.0000	-1.0000	
4198.7	-1.0000	-1.0000	4	-1.0000	-1.0000	4	-1.0000	-1.0000	
4215.4	-1.0000	-1.0000	4	-1.0000	-1.0000	4	-1.0000	-1.0000	
4232.0	-1.0000	-1.0000	4	-1.0000	-1.0000	4	-1.0000	-1.0000	
4248.6	-1.0000	-1.0000	4	-1.0000	-1.0000	4	-1.0000	-1.0000	
4265.9	-1.0000	-1.0000	4	-1.0000	-1.0000	4	-1.0000	-1.0000	
4283.2	-1.0000	-1.0000	4	-1.0000	-1.0000	4	-1.0000	-1.0000	
4300.5	-1.0000	-1.0000	4	-1.0000	-1.0000	4	-1.0000	-1.0000	
4315.3	-1.0000	-1.0000	4	-1.0000	-1.0000	4	-1.0000	-1.0000	
4332.0	-1.0000	-1.0000	4	-1.0000	-1.0000	4	-1.0000	-1.0000	
4348.6	-1.0000	-1.0000	4	-1.0000	-1.0000	4	-1.0000	-1.0000	
4365.2	-1.0000	-1.0000	4	-1.0000	-1.0000	4	-1.0000	-1.0000	
4381.9	-1.0000	-1.0000	4	-1.0000	-1.0000	4	-1.0000	-1.0000	
4398.6	-1.0000	-1.0000	4	-1.0000	-1.0000	4	-1.0000	-1.0000	
4415.7	-1.0000	-1.0000	4	-1.0000	-1.0000	4	-1.0000	-1.0000	
4433.1	-1.0000	-1.0000	4	-1.0000	-1.0000	4	-1.0000	-1.0000	
4450.5	-1.0000	-1.0000	4	-1.0000	-1.0000	4	-1.0000	-1.0000	
4465.2	-1.0000	-1.0000	4	-1.0000	-1.0000	4	-1.0000	-1.0000	
4481.8	-1.0000	-1.0000	4	-1.0000	-1.0000	4	-1.0000	-1.0000	
4498.4	-1.0000	-1.0000	4	-1.0000	-1.0000	4	-1.0000	-1.0000	
4515.0	-1.0000	-1.0000	4	-1.0000	-1.0000	4	-1.0000	-1.0000	
4531.8	-1.0000	-1.0000	4	-1.0000	-1.0000	4	-1.0000	-1.0000	
4548.4	-1.0000	-1.0000	4	-1.0000	-1.0000	4	-1.0000	-1.0000	
4565.6	-1.0000	-1.0000	4	-1.0000	-1.0000	4	-1.0000	-1.0000	
4582.9	-1.0000	-1.0000	4	-1.0000	-1.0000	4	-1.0000	-1.0000	
4600.3	-1.0000	-1.0000	4	-1.0000	-1.0000	4	-1.0000	-1.0000	
4615.0	-1.0000	-1.0000	4	-1.0000	-1.0000	4	-1.0000	-1.0000	
4631.6	-1.0000	-1.0000	4	-1.0000	-1.0000	4	-1.0000	-1.0000	
4648.4	-1.0000	-1.0000	4	-1.0000	-1.0000	4	-1.0000	-1.0000	
4665.0	-1.0000	-1.0000	4	-1.0000	-1.0000	4	-1.0000	-1.0000	
4681.6	-1.0000	-1.0000	4	-1.0000	-1.0000	4	-1.0000	-1.0000	
4698.2	-1.0000	-1.0000	4	-1.0000	-1.0000	4	-1.0000	-1.0000	
4715.5	-1.0000	-1.0000	4	-1.0000	-1.0000	4	-1.0000	-1.0000	
4732.9	-1.0000	-1.0000	4	-1.0000	-1.0000	4	-1.0000	-1.0000	
4750.1	-1.0000	-1.0000	4	-1.0000	-1.0000	4	-1.0000	-1.0000	
4764.9	-1.0000	-1.0000	4	-1.0000	-1.0000	4	-1.0000	-1.0000	
4781.5	-1.0000	-1.0000	4	-1.0000	-1.0000	4	-1.0000	-1.0000	
4798.2	-1.0000	-1.0000	4	-1.0000	-1.0000	4	-1.0000	-1.0000	
4814.8	-1.0000	-1.0000	4	-1.0000	-1.0000	4	-1.0000	-1.0000	
4831.5	-1.0000	-1.0000	4	-1.0000	-1.0000	4	-1.0000	-1.0000	
4848.1	-1.0000	-1.0000	4	-1.0000	-1.0000	4	-1.0000	-1.0000	
4865.3	-1.0000	-1.0000	4	-1.0000	-1.0000	4	-1.0000	-1.0000	
4882.7	-1.0000	-1.0000	4	-1.0000	-1.0000	4	-1.0000	-1.0000	
4900.0	-1.0000	-1.0000	4	-1.0000	-1.0000	4	-1.0000	-1.0000	
4914.8	-1.0000	-1.0000	4	-1.0000	-1.0000	4	-1.0000	-1.0000	
4931.4	-1.0000	-1.0000	4	-1.0000	-1.0000	4	-1.0000	-1.0000	
4948.1	-1.0000	-1.0000	4	-1.0000	-1.0000	4	-1.0000	-1.0000	
4964.7	-1.0000	-1.0000	4	-1.0000	-1.0000	4	-1.0000	-1.0000	
4981.4	-1.0000	-1.0000	4	-1.0000	-1.0000	4	-1.0000	-1.0000	
TimeStamp	GazePointXLeft	GazePointYLeft	ValidityLeft	GazePointXRight	GazePointYRight	ValidityRight	GazePointX	GazePointY	Event
0.0	-1.0000	-1.0000	4	-1.0000	-1.0000	4	-1.0000	-1.0000	
18.8	-1.0000	-1.0000	4	-1.0000	-1.0000	4	-1.0000	-1.0000	
35.5	-1.0000	-1.0000	4	-1.0000	-1.0000	4	-1.0000	-1.0000	
54.3	-1.0000	-1.0000	4	-1.0000	-1.0000	4	-1.0000	-1.0000	
69.0	-1.0000	-1.0000	4	-1.0000	-1.0000	4	-1.0000	-1.0000	
85.7	-1.0000	-1.0000	4	-1.0000	-1.0000	4	-1.0000	-1.0000	
102.3	-1.0000	-1.0000	4	-1.0000	-1.0000	4	-1.0000	-1.0000	
119.0	-1.0000	-1.0000	4	-1.0000	-1.0000	4	-1.0000	-1.0000	
135.6	-1.0000	-1.0000	4	-1.0000	-1.0000	4	-1.0000	-1.0000	
152.3	-1.0000	-1.0000	4	-1.0000	-1.0000	4	-1.0000	-1.0000	
168.9	-1.0000	-1.0000	4	-1.0000	-1.0000	4	-1.0000	-1.0000	
186.1	-1.0000	-1.0000	4	-1.0000	-1.0000	4	-1.0000	-1.0000	
203.5	-1.0000	-1.0000	4	-1.0000	-1.0000	4	-1.0000	-1.0000	
220.8	-1.0000	-1.0000	4	-1.0000	-1.0000	4	-1.0000	-1.0000	
235.6	-1.0000	-1.0000	4	-1.0000	-1.0000	4	-1.0000	-1.0000	
252.2	-1.0000	-1.0000	4	-1.0000	-1.0000	4	-1.0000	-1.0000	
268.9	-1.0000	-1.0000	4	-1.0000	-1.0000	4	-1.0000	-1.0000	
285.5	-1.0000	-1.0000	4	-1.0000	-1.0000	4	-1.0000	-1.0000	
302.2	-1.0000	-1.0000	4	-1.0000	-1.0000	4	-1.0000	-1.0000	
318.9	-1.0000	-1.0000	4	-1.0000	-1.0000	4	-1.0000	-1.0000	
336.0	-1.0000	-1.0000	4	-1.0000	-1.0000	4	-1.0000	-1.0000	
353.4	-1.0000	-1.0000	4	-1.0000	-1.0000	4	-1.0000	-1.0000	
370.6	-1.0000	-1.0000	4	-1.0000	-1.0000	4	-1.0000	-1.0000	
385.5	-1.0000	-1.0000	4	-1.0000	-1.0000	4	-1.0000	-1.0000	
402.1	-1.0000	-1.0000	4	-1.0000	-1.0000	4	-1.0000	-1.0000	
418.7	-1.0000	-1.0000	4	-1.0000	-1.0000	4	-1.0000	-1.0000	
435.5	-1.0000	-1.0000	4	-1.0000	-1.0000	4	-1.0000	-1.0000	
452.1	-1.0000	-1.0000	4	-1.0000	-1.0000	4	-1.0000	-1.0000	
468.7	-1.0000	-1.0000	4	-1.0000	-1.0000	4	-1.0000	-1.0000	
485.9	-1.0000	-1.0000	4	-1.0000	-1.0000	4	-1.0000	-1.0000	
503.3	-1.0000	-1.0000	4	-1.0000	-1.0000	4	-1.0000	-1.0000	
520.6	-1.0000	-1.0000	4	-1.0000	-1.0000	4	-1.0000	-1.0000	
535.3	-1.0000	-1.0000	4	-1.0000	-1.0000	4	-1.0000	-1.0000	
551.9	-1.0000	-1.0000	4	-1.0000	-1.0000	4	-1.0000	-1.0000	
568.7	-1.0000	-1.0000	4	-1.0000	-1.0000	4	-1.0000	-1.0000	
585.3	-1.0000	-1.0000	4	-1.0000	-1.0000	4	-1.0000	-1.0000	
601.9	-1.0000	-1.0000	4	-1.0000	-1.0000	4	-1.0000	-1.0000	
618.5	-1.0000	-1.0000	4	-1.0000	-1.0000	4	-1.0000	-1.0000	
635.8	-1.0000	-1.0000	4	-1.0000	-1.0000	4	-1.0000	-1.0000	
653.2	-1.0000	-1.0000	4	-1.0000	-1.0000	4	-1.0000	-1.0000	
670.4	-1.0000	-1.0000	4	-1.0000	-1.0000	4	-1.0000	-1.0000	
685.1	-1.0000	-1.0000	4	-1.0000	-1.0000	4	-1.0000	-1.0000	
701.8	-1.0000	-1.0000	4	-1.0000	-1.0000	4	-1.0000	-1.0000	
718.5	-1.0000	-1.0000	4	-1.0000	-1.0000	4	-1.0000	-1.0000	
735.1	-1.0000	-1.0000	4	-1.0000	-1.0000	4	-1.0000	-1.0000	
751.8	-1.0000	-1.0000	4	-1.0000	-1.0000	4	-1.0000	-1.0000	
768.5	-1.0000	-1.0000	4	-1.0000	-1.0000	4	-1.0000	-1.0000	
785.6	-1.0000	-1.0000	4	-1.0000	-1.0000	4	-1.0000	-1.0000	
803.0	-1.0000	-1.0000	4	-1.0000	-1.0000	4	-1.0000	-1.0000	
820.4	-1.0000	-1.0000	4	-1.0000	-1.0000	4	-1.0000	-1.0000	
835.1	-1.0000	-1.0000	4	-1.0000	-1.0000	4	-1.0000	-1.0000	
851.7	-1.0000	-1.0000	4	-1.0000	-1.0000	4	-1.0000	-1.0000	
868.4	-1.0000	-1.0000	4	-1.0000	-1.0000	4	-1.0000	-1.0000	
885.0	-1.0000	-1.0000	4	-1.0000	-1.0000	4	-1.0000	-1.0000	
901.7	-1.0000	-1.0000	4	-1.0000	-1.0000	4	-1.0000	-1.0000	
918.4	-1.0000	-1.0000	4	-1.0000	-1.0000	4	-1.0000	-1.0000	
935.6	-1.0000	-1.0000	4	-1.0000	-1.0000	4	-1.0000	-1.0000	
952.8	-1.0000	-1.0000	4	-1.0000	-1.0000	4	-1.0000	-1.0000	
970.1	-1.0000	-1.0000	4	-1.0000	-1.0000	4	-1.0000	-1.0000	
985.0	-1.0000	-1.0000	4	-1.0000	-1.0000	4	-1.0000	-1.0000	
1001.6	-1.0000	-1.0000	4	-1.0000	-1.0000	4	-1.0000	-1.0000	
1018.3	-1.0000	-1.0000	4	-1.0000	-1.0000	4	-1.0000	-1.0000	
1034.9	-1.0000	-1.0000	4	-1.0000	-1.0000	4	-1.0000	-1.0000	
1051.6	-1.0000	-1.0000	4	-1.0000	-1.0000	4	-1.0000	-1.0000	
1068.2	-1.0000	-1.0000	4	-1.0000	-1.0000	4	-1.0000	-1.0000	
1085.4	-1.0000	-1.0000	4	-1.0000	-1.0000	4	-1.0000	-1.0000	
1102.8	-1.0000	-1.0000	4	-1.0000	-1.0000	4	-1.0000	-1.0000	
1120.1	-1.0000	-1.0000	4	-1.0000	-1.0000	4	-1.0000	-1.0000	
1134.8	-1.0000	-1.0000	4	-1.0000	-1.0000	4	-1.0000	-1.0000	
1151.4	-1.0000	-1.0000	4	-1.0000	-1.0000	4	-1.0000	-1.0000	
1168.2	-1.0000	-1.0000	4	-1.0000	-1.0000	4	-1.0000	-1.0000	
1184.8	-1.0000	-1.0000	4	-1.0000	-1.0000	4	-1.0000	-1.0000	
1201.4	-1.0000	-1.0000	4	-1.0000	-1.0000	4	-1.0000	-1.0000	
1218.0	-1.0000	-1.0000	4	-1.0000	-1.0000	4	-1.0000	-1.0000	
1235.3	-1.0000	-1.0000	4	-1.0000	-1.0000	4	-1.0000	-1.0000	
1252.6	-1.0000	-1.0000	4	-1.0000	-1.0000	4	-1.0000	-1.0000	
1270.0	-1.0000	-1.0000	4	-1.0000	-1.0000	4	-1.0000	-1.0000	
1284.8	-1.0000	-1.0000	4	-1.0000	-1.0000	4	-1.0000	-1.0000	
1301.4	-1.0000	-1.0000	4	-1.0000	-1.0000	4	-1.0000	-1.0000	
1318.0	-1.0000	-1.0000	4	-1.0000	-1.0000	4	-1.0000	-1.0000	
1334.6	-1.0000	-1.0000	4	-1.0000	-1.0000	4	-1.0000	-1.0000	
1351.4	-1.0000	-1.0000	4	-1.0000	-1.0000	4	-1.0000	-1.0000	
1368.0	-1.0000	-1.0000	4	-1.0000	-1.0000	4	-1.0000	-1.0000	
1385.1	-1.0000	-1.0000	4	-1.0000	-1.0000	4	-1.0000	-1.0000	
1402.5	-1.0000	-1.0000	4	-1.0000	-1.0000	4	-1.0000	-1.0000	
1419.9	-1.0000	-1.0000	4	-1.0000	-1.0000	4	-1.0000	-1.0000	
1434.6	-1.0000	-1.0000	4	-1.0000	-1.0000	4	-1.0000	-1.0000	
1451.2	-1.0000	-1.0000	4	-1.0000	-1.0000	4	-1.0000	-1.0000	
1468.0	-1.0000	-1.0000	4	-1.0000	-1.0000	4	-1.0000	-1.0000	
1484.5	-1.0000	-1.0000	4	-1.0000	-1.0000	4	-1.0000	-1.0000	
1501.2	-1.0000	-1.0000	4	-1.0000	-1.0000	4	-1.0000	-1.0000	
1517.8	-1.0000	-1.0000	4	-1.0000	-1.0000	4	-1.0000	-1.0000	
1535.1	-1.0000	-1.0000	4	-1.0000	-1.0000	4	-1.0000	-1.0000	
1552.5	-1.0000	-1.0000	4	-1.0000	-1.0000	4	-1.0000	-1.0000	
1569.7	-1.0000	-1.0000	4	-1.0000	-1.0000	4	-1.0000	-1.0000	
1584.5	-1.0000	-1.0000	4	-1.0000	-1.0000	4	-1.0000	-1.0000	
1601.1	-1.0000	-1.0000	4	-1.0000	-1.0000	4	-1.0000	-1.0000	
1617.8	-1.0000	-1.0000	4	-1.0000	-1.0000	4	-1.0000	-1.0000	
1634.4	-1.0000	-1.0000	4	-1.0000	-1.0000	4	-1.0000	-1.0000	
1651.1	-1.0000	-1.0000	4	-1.0000	-1.0000	4	-1.0000	-1.0000	
1667.7	-1.0000	-1.0000	4	-1.0000	-1.0000	4	-1.0000	-1.0000	
1684.9	-1.0000	-1.0000	4	-1.0000	-1.0000	4	-1.0000	-1.0000	
1702.3	-1.0000	-1.0000	4	-1.0000	-1.0000	4	-1.0000	-1.0000	
1719.6	-1.0000	-1.0000	4	-1.0000	-1.0000	4	-1.0000	-1.0000	
1734.3	-1.0000	-1.0000	4	-1.0000	-1.0000	4	-1.0000	-1.0000	
1751.0	-1.0000	-1.0000	4	-1.0000	-1.0000	4	-1.0000	-1.0000	
1767.7	-1.0000	-1.0000	4	-1.0000	-1.0000	4	-1.0000	-1.0000	
1784.4	-1.0000	-1.0000	4	-1.0000	-1.0000	4	-1.0000	-1.0000	
1800.9	-1.0000	-1.0000	4	-1.0000	-1.0000	4	-1.0000	-1.0000	
1817.6	-1.0000	-1.0000	4	-1.0000	-1.0000	4	-1.0000	-1.0000	
1834.8	-1.0000	-1.0000	4	-1.0000	-1.0000	4	-1.0000	-1.0000	
1852.1	-1.0000	-1.0000	4	-1.0000	-1.0000	4	-1.0000	-1.0000	
1869.4	-1.0000	-1.0000	4	-1.0000	-1.0000	4	-1.0000	-1.0000	
1884.3	-1.0000	-1.0000	4	-1.0000	-1.0000	4	-1.0000	-1.0000	
1900.9	-1.0000	-1.0000	4	-1.0000	-1.0000	4	-1.0000	-1.0000	
1917.5	-1.0000	-1.0000	4	-1.0000	-1.0000	4	-1.0000	-1.0000	
1934.1	-1.0000	-1.0000	4	-1.0000	-1.0000	4	-1.0000	-1.0000	
1950.9	-1.0000	-1.0000	4	-1.0000	-1.0000	4	-1.0000	-1.0000	
1967.5	-1.0000	-1.0000	4	-1.0000	-1.0000	4	-1.0000	-1.0000	
1984.7	-1.0000	-1.0000	4	-1.0000	-1.0000	4	-1.0000	-1.0000	
2002.0	-1.0000	-1.0000	4	-1.0000	-1.0000	4	-1.0000	-1.0000	
2019.4	-1.0000	-1.0000	4	-1.0000	-1.0000	4	-1.0000	-1.0000	
2034.1	-1.0000	-1.0000	4	-1.0000	-1.0000	4	-1.0000	-1.0000	
2050.7	-1.0000	-1.0000	4	-1.0000	-1.0000	4	-1.0000	-1.0000	
2067.5	-1.0000	-1.0000	4	-1.0000	-1.0000	4	-1.0000	-1.0000	
2084.1	-1.0000	-1.0000	4	-1.0000	-1.0000	4	-1.0000	-1.0000	
2100.7	-1.0000	-1.0000	4	-1.0000	-1.0000	4	-1.0000	-1.0000	
2117.3	-1.0000	-1.0000	4	-1.0000	-1.0000	4	-1.0000	-1.0000	
2134.6	-1.0000	-1.0000	4	-1.0000	-1.0000	4	-1.0000	-1.0000	
2151.9	-1.0000	-1.0000	4	-1.0000	-1.0000	4	-1.0000	-1.0000	
2169.2	-1.0000	-1.0000	4	-1.0000	-1.0000	4	-1.0000	-1.0000	
2183.9	-1.0000	-1.0000	4	-1.0000	-1.0000	4	-1.0000	-1.0000	
2200.6	-1.0000	-1.0000	4	-1.0000	-1.0000	4	-1.0000	-1.0000	
2217.3	-1.0000	-1.0000	4	-1.0000	-1.0000	4	-1.0000	-1.0000	
2233.9	-1.0000	-1.0000	4	-1.0000	-1.0000	4	-1.0000	-1.0000	
2250.6	-1.0000	-1.0000	4	-1.0000	-1.0000	4	-1.0000	-1.0000	
2267.2	-1.0000	-1.0000	4	-1.0000	-1.0000	4	-1.0000	-1.0000	
2284.4	-1.0000	-1.0000	4	-1.0000	-1.0000	4	-1.0000	-1.0000	
2301.8	-1.0000	-1.0000	4	-1.0000	-1.0000	4	-1.0000	-1.0000	
2319.1	-1.0000	-1.0000	4	-1.0000	-1.0000	4	-1.0000	-1.0000	
2333.9	-1.0000	-1.0000	4	-1.0000	-1.0000	4	-1.0000	-1.0000	
2350.5	-1.0000	-1.0000	4	-1.0000	-1.0000	4	-1.0000	-1.0000	
2367.2	-1.0000	-1.0000	4	-1.0000	-1.0000	4	-1.0000	-1.0000	
2383.9	-1.0000	-1.0000	4	-1.0000	-1.0000	4	-1.0000	-1.0000	
2400.5	-1.0000	-1.0000	4	-1.0000	-1.0000	4	-1.0000	-1.0000	
2417.1	-1.0000	-1.0000	4	-1.0000	-1.0000	4	-1.0000	-1.0000	
2434.3	-1.0000	-1.0000	4	-1.0000	-1.0000	4	-1.0000	-1.0000	
2451.6	-1.0000	-1.0000	4	-1.0000	-1.0000	4	-1.0000	-1.0000	
2468.9	-1.0000	-1.0000	4	-1.0000	-1.0000	4	-1.0000	-1.0000	
2483.7	-1.0000	-1.0000	4	-1.0000	-1.0000	4	-1.0000	-1.0000	
2500.4	-1.0000	-1.0000	4	-1.0000	-1.0000	4	-1.0000	-1.0000	
2517.1	-1.0000	-1.0000	4	-1.0000	-1.0000	4	-1.0000	-1.0000	
2533.7	-1.0000	-1.0000	4	-1.0000	-1.0000	4	-1.0000	-1.0000	
2550.4	-1.0000	-1.0000	4	-1.0000	-1.0000	4	-1.0000	-1.0000	
2567.0	-1.0000	-1.0000	4	-1.0000	-1.0000	4	-1.0000	-1.0000	
2584.2	-1.0000	-1.0000	4	-1.0000	-1.0000	4	-1.0000	-1.0000	
2601.6	-1.0000	-1.0000	4	-1.0000	-1.0000	4	-1.0000	-1.0000	
2618.9	-1.0000	-1.0000	4	-1.0000	-1.0000	4	-1.0000	-1.0000	
2633.6	-1.0000	-1.0000	4	-1.0000	-1.0000	4	-1.0000	-1.0000	
2650.2	-1.0000	-1.0000	4	-1.0000	-1.0000	4	-1.0000	-1.0000	
2667.0	-1.0000	-1.0000	4	-1.0000	-1.0000	4	-1.0000	-1.0000	
2683.6	-1.0000	-1.0000	4	-1.0000	-1.0000	4	-1.0000	-1.0000	
2700.2	-1.0000	-1.0000	4	-1.0000	-1.0000	4	-1.0000	-1.0000	
2717.8	-1.0000	-1.0000	4	-1.0000	-1.0000	4	-1.0000	-1.0000	
2734.8	-1.0000	-1.0000	4	-1.0000	-1.0000	4	-1.0000	-1.0000	
2751.3	-1.0000	-1.0000	4	-1.0000	-1.0000	4	-1.0000	-1.0000	
2768.1	-1.0000	-1.0000	4	-1.0000	-1.0000	4	-1.0000	-1.0000	
2784.2	-1.0000	-1.0000	4	-1.0000	-1.0000	4	-1.0000	-1.0000	
2801.3	-1.0000	-1.0000	4	-1.0000	-1.0000	4	-1.0000	-1.0000	
2817.4	-1.0000	-1.0000	4	-1.0000	-1.0000	4	-1.0000	-1.0000	
2834.5	-1.0000	-1.0000	4	-1.0000	-1.0000	4	-1.0000	-1.0000	
2851.2	-1.0000	-1.0000	4	-1.0000	-1.0000	4	-1.0000	-1.0000	
2867.8	-1.0000	-1.0000	4	-1.0000	-1.0000	4	-1.0000	-1.0000	
2883.8	-1.0000	-1.0000	4	-1.0000	-1.0000	4	-1.0000	-1.0000	
2900.9	-1.0000	-1.0000	4	-1.0000	-1.0000	4	-1.0000	-1.0000	
2917.3	-1.0000	-1.0000	4	-1.0000	-1.0000	4	-1.0000	-1.0000	
2934.1	-1.0000	-1.0000	4	-1.0000	-1.0000	4	-1.0000	-1.0000	
2950.3	-1.0000	-1.0000	4	-1.0000	-1.0000	4	-1.0000	-1.0000	
2967.3	-1.0000	-1.0000	4	-1.0000	-1.0000	4	-1.0000	-1.0000	
2983.6	-1.0000	-1.0000	4	-1.0000	-1.0000	4	-1.0000	-1.0000	
3000.3	-1.0000	-1.0000	4	-1.0000	-1.0000	4	-1.0000	-1.0000	
3016.6	-1.0000	-1.0000	3	519.6798	366.3059	1	0.5075	0.4770	
3033.0	-1.0000	-1.0000	3	519.8412	385.0932	1	0.5077	0.5014	
3049.8	-1.0000	-1.0000	3	515.5994	401.7424	1	0.5035	0.5231	
3066.2	-1.0000	-1.0000	3	516.8584	387.3353	1	0.5047	0.5043	
3083.1	-1.0000	-1.0000	3	511.5048	379.0190	1	0.4995	0.4935	
3099.6	-1.0000	-1.0000	3	514.2241	389.1361	1	0.5022	0.5067	
3116.3	-1.0000	-1.0000	3	508.0080	371.0430	1	0.4961	0.4831	
3132.9	-1.0000	-1.0000	4	-1.0000	-1.0000	4	-1.0000	-1.0000	
3149.4	-1.0000	-1.0000	3	504.6834	380.1379	1	0.4929	0.4950	
3166.2	-1.0000	-1.0000	3	523.1652	398.9937	1	0.5109	0.5195	
3183.1	-1.0000	-1.0000	3	506.8340	407.7044	1	0.4950	0.5309	
3199.6	-1.0000	-1.0000	4	-1.0000	-1.0000	4	-1.0000	-1.0000	
3216.2	-1.0000	-1.0000	4	-1.0000	-1.0000	4	-1.0000	-1.0000	
3232.8	-1.0000	-1.0000	3	506.0765	374.5793	1	0.4942	0.4877	
3249.4	-1.0000	-1.0000	3	516.4344	368.3846	1	0.5043	0.4797	
3266.0	-1.0000	-1.0000	3	506.7389	384.0752	1	0.4949	0.5001	
3282.6	-1.0000	-1.0000	3	509.9774	391.8775	1	0.4980	0.5103	
3299.4	-1.0000	-1.0000	3	510.6808	386.5251	1	0.4987	0.5033	
3316.0	-1.0000	-1.0000	3	506.1576	385.1804	1	0.4943	0.5015	
3332.6	-1.0000	-1.0000	3	506.2707	371.9551	1	0.4944	0.4843	
3349.3	-1.0000	-1.0000	3	505.6645	373.4418	1	0.4938	0.4863	
3366.0	-1.0000	-1.0000	3	505.0847	367.5262	1	0.4932	0.4785	
3382.6	-1.0000	-1.0000	3	513.0666	374.2348	1	0.5010	0.4873	
3399.3	-1.0000	-1.0000	3	509.6599	373.9240	1	0.4977	0.4869	
3415.9	-1.0000	-1.0000	3	537.4513	367.0168	1	0.5249	0.4779	
3432.6	-1.0000	-1.0000	3	638.5031	333.4027	1	0.6235	0.4341	
3449.2	-1.0000	-1.0000	3	703.8207	299.5027	1	0.6873	0.3900	
3465.9	-1.0000	-1.0000	3	720.0384	284.8251	1	0.7032	0.3709	
3482.5	-1.0000	-1.0000	3	722.6190	285.5993	1	0.7057	0.3719	
3499.2	-1.0000	-1.0000	3	723.2960	281.7874	1	0.7063	0.3669	
3515.9	-1.0000	-1.0000	3	720.5198	281.4371	1	0.7036	0.3665	
3532.5	-1.0000	-1.0000	3	720.7696	281.5418	1	0.7039	0.3666	
3549.2	-1.0000	-1.0000	3	722.3174	284.9775	1	0.7054	0.3711	
3565.9	746.8799	267.7742	0	726.2469	278.6212	0	0.7193	0.3557	
3582.5	740.7788	304.3619	0	731.9406	279.4615	0	0.7191	0.3801	
3599.1	742.3863	282.8363	0	730.8935	281.5349	0	0.7194	0.3674	
3615.8	747.6960	293.5484	0	730.6170	271.0055	0	0.7218	0.3675	
3632.5	746.5366	284.1291	0	733.0969	275.3414	0	0.7225	0.3642	
3649.1	747.7345	273.0572	0	738.9937	266.1248	0	0.7259	0.3510	
3665.7	750.1155	277.7760	0	739.3925	271.8487	0	0.7273	0.3578	
3682.3	765.4309	270.5758	0	756.6237	274.6220	0	0.7432	0.3549	
3699.1	827.1639	244.3776	0	811.9711	243.4361	0	0.8004	0.3176	
3715.7	817.2489	232.7405	0	809.6815	231.5919	0	0.7944	0.3023	
3732.3	827.6566	224.4412	0	811.4659	228.3257	0	0.8004	0.2948	
3749.1	828.8411	222.9296	0	811.3454	227.3997	0	0.8009	0.2932	
3765.7	828.0099	237.1640	0	804.5615	243.8539	0	0.7972	0.3132	
3782.3	820.1527	226.7764	0	810.4330	234.2200	0	0.7962	0.3001	
3798.9	827.2760	236.3551	0	810.0565	228.6069	0	0.7995	0.3027	
3815.7	825.8117	234.9965	0	815.2891	227.8197	0	0.8013	0.3013	
3832.3	826.4348	237.2285	0	809.4407	233.3431	0	0.7988	0.3064	
3848.9	819.2666	230.1597	0	805.3703	242.2359	0	0.7933	0.3075	
3865.6	696.9883	229.8193	0	712.4960	226.0011	0	0.6882	0.2968	
3882.3	580.5649	207.4814	0	591.6070	201.1491	0	0.5723	0.2660	
3898.9	467.0738	182.0124	0	488.6939	191.3985	0	0.4667	0.2431	
3915.6	374.6640	166.8415	0	384.8954	146.5227	0	0.3709	0.2040	
3932.2	297.5391	173.7230	0	254.8266	77.0868	0	0.2697	0.1633	
3948.9	239.2473	165.9682	0	256.9356	177.2274	0	0.2423	0.2234	
3965.5	249.2703	163.9616	0	257.6129	173.7533	0	0.2475	0.2199	
3982.2	251.0953	158.7715	0	250.4096	169.5198	0	0.2449	0.2137	
3998.8	242.5806	165.5502	0	256.4278	173.0270	0	0.2437	0.2204	
4015.5	248.0163	165.3427	0	252.7917	170.9329	0	0.2445	0.2189	
4032.2	243.0474	159.7526	0	256.5579	169.5793	0	0.2439	0.2144	
4048.8	250.2737	164.6575	0	251.7855	169.5854	0	0.2451	0.2176	
4065.4	245.0256	157.5717	0	245.9936	170.1549	0	0.2398	0.2134	
4082.1	240.4758	149.2761	0	244.4066	169.3673	0	0.2368	0.2075	
4098.8	242.5328	156.3463	0	243.6879	169.5193	0	0.2374	0.2122	
4115.4	244.4093	161.4015	0	241.9694	165.8511	0	0.2375	0.2131	
4132.0	251.9437	168.1275	0	246.4977	163.2839	0	0.2434	0.2158	
4148.8	250.0675	164.1431	0	249.8052	172.7989	0	0.2441	0.2194	
4165.4	247.0108	162.4966	0	248.1580	170.8739	0	0.2418	0.2170	
4182.0	247.0155	167.3637	0	245.9293	169.4526	0	0.2407	0.2193	
4198.6	243.5478	160.2900	0	244.7439	173.8704	0	0.2384	0.2176	
4215.4	244.3171	160.4476	0	244.0821	169.6634	0	0.2385	0.2149	
4232.0	246.6134	169.0799	0	256.1415	166.5075	0	0.2455	0.2185	
4248.6	244.7842	166.0366	0	239.4982	171.4764	0	0.2365	0.2197	
4265.2	248.9328	166.5804	0	239.8221	176.2511	0	0.2386	0.2232	
4282.0	245.9667	169.4846	0	247.2731	178.6020	0	0.2408	0.2266	
4298.6	250.5121	169.4100	0	240.5786	187.8557	0	0.2398	0.2326	
4315.2	248.3808	174.9530	0	239.9345	178.0814	0	0.2384	0.2298	
4331.9	247.2644	171.0859	0	239.0220	173.5108	0	0.2374	0.2243	
4348.6	248.7198	167.3864	0	246.7571	189.0429	0	0.2419	0.2321	
4365.2	250.1129	175.0016	0	245.3431	181.3422	0	0.2419	0.2320	
4381.9	250.5636	167.3514	0	238.9692	195.3338	0	0.2390	0.2361	
4398.5	247.0187	186.1348	0	243.4369	202.0555	0	0.2395	0.2527	
4415.2	262.1199	204.3153	0	258.2495	227.7308	0	0.2541	0.2813	
4431.8	271.1847	258.9527	0	254.9824	314.8757	0	0.2569	0.3736	
4448.5	236.5160	360.0325	0	242.6496	442.9657	0	0.2340	0.5228	
4465.2	228.6399	403.2359	0	238.5184	447.0017	0	0.2281	0.5535	
4481.8	237.9016	442.2585	0	246.2407	460.7561	0	0.2364	0.5879	
4498.5	237.9592	503.1420	0	246.4468	466.6823	0	0.2365	0.6314	
4515.1	243.7905	506.7034	0	245.2206	486.5006	0	0.2388	0.6466	
4531.8	246.5201	503.0495	0	244.4048	491.5750	0	0.2397	0.6475	
4548.4	246.3534	505.5985	0	245.6391	488.7728	0	0.2402	0.6474	
4565.1	245.2949	502.6424	0	235.2284	492.5446	0	0.2346	0.6479	
4581.7	245.3354	502.6418	0	250.4911	484.0694	0	0.2421	0.6424	
4598.4	250.0907	501.7439	0	243.3172	491.8250	0	0.2409	0.6469	
4615.1	248.7922	503.7855	0	247.7872	489.7471	0	0.2425	0.6468	
4631.7	249.0563	498.8922	0	242.6327	485.4139	0	0.2401	0.6408	
4648.3	248.0114	509.7369	0	246.2501	497.5490	0	0.2413	0.6558	
4665.1	251.9195	494.4728	0	240.7850	493.2337	0	0.2406	0.6430	
4681.7	251.1827	504.1884	0	248.1825	486.0585	0	0.2438	0.6447	
4698.3	247.3138	497.6590	0	251.2932	491.3502	0	0.2435	0.6439	
4714.9	254.6991	509.9763	0	249.7010	483.3800	0	0.2463	0.6467	
4731.7	251.5141	504.1585	0	251.5589	491.9266	0	0.2456	0.6485	
4748.3	257.9609	497.7248	0	254.7231	492.5167	0	0.2503	0.6447	
4764.9	264.5124	499.4517	0	255.1407	489.5675	0	0.2537	0.6439	
4781.5	257.9403	497.8260	0	247.3734	497.1238	0	0.2467	0.6478	
4798.3	266.8423	499.4918	0	258.5496	503.2624	0	0.2565	0.6528	
4814.9	380.5247	523.9007	0	388.8043	509.6956	0	0.3756	0.6729	
4831.5	518.1375	535.8714	0	518.3714	516.9092	0	0.5061	0.6854	
4848.2	624.4827	567.2730	0	615.2960	548.2275	0	0.6054	0.7262	
4864.9	707.4016	599.1788	0	691.7418	573.3918	0	0.6832	0.7634	
4881.5	747.9644	603.7815	0	-1.0000	-1.0000	4	0.7304	0.7862	
4898.2	757.2044	615.8653	0	740.1972	595.4794	0	0.7312	0.7886	
4914.8	764.8770	619.1955	0	745.2113	593.2722	0	0.7373	0.7894	
4931.5	783.0536	622.4070	0	766.1797	600.8220	0	0.7565	0.7964	
4948.1	843.4371	630.9957	0	826.4191	610.4237	0	0.8154	0.8082	
4964.8	855.9365	641.2749	0	838.1276	613.1930	0	0.8272	0.8167	
4981.4	862.4097	639.3340	0	831.7700	611.2144	0	0.8272	0.8142	
4998.1	864.0130	634.7054	0	840.3158	610.7432	0	0.8322	0.8108	
TimeStamp	GazePointXLeft	GazePointYLeft	ValidityLeft	GazePointXRight	GazePointYRight	ValidityRight	GazePointX	GazePointY	Event
0.0	-1.0000	-1.0000	4	-1.0000	-1.0000	4	-1.0000	-1.0000	
18.1	-1.0000	-1.0000	4	-1.0000	-1.0000	4	-1.0000	-1.0000	
34.8	-1.0000	-1.0000	4	-1.0000	-1.0000	4	-1.0000	-1.0000	
52.9	879.9505	641.9077	0	857.2581	614.7802	0	0.8482	0.8182	
69.5	883.2562	641.3383	0	857.5964	605.1047	0	0.8500	0.8115	
86.1	878.7797	637.0003	0	847.8233	610.9716	0	0.8431	0.8125	
102.8	881.2025	634.9350	0	858.7540	613.6579	0	0.8496	0.8129	
119.5	882.6019	643.2102	0	852.0997	610.1063	0	0.8470	0.8160	
136.1	882.0381	642.2166	0	852.1168	606.6370	0	0.8468	0.8131	
152.7	882.3169	637.2502	0	857.8581	599.8512	0	0.8497	0.8054	
169.5	838.3620	594.4110	0	829.2316	572.9619	0	0.8143	0.7600	
186.1	694.7325	450.1601	0	704.1391	442.2878	0	0.6830	0.5810	
202.7	596.4165	343.7685	0	606.4909	329.0822	0	0.5874	0.4381	
219.3	553.4207	292.3478	0	554.2421	282.1364	0	0.5409	0.3740	
236.1	555.7263	294.1129	0	-1.0000	-1.0000	4	0.5427	0.3830	
252.7	557.3488	294.6737	0	558.4652	281.3631	0	0.5448	0.3750	
269.3	558.2659	293.7516	0	560.9995	278.7205	0	0.5465	0.3727	
286.1	559.7181	293.5950	0	561.3025	272.5191	0	0.5474	0.3686	
302.7	554.8741	295.1534	0	560.9964	285.9178	0	0.5449	0.3783	
319.3	556.6195	295.7133	0	560.9092	283.4934	0	0.5457	0.3771	
335.9	555.8298	291.6534	0	552.1770	280.2084	0	0.5410	0.3723	
352.7	557.8074	300.8459	0	554.7138	279.1426	0	0.5432	0.3776	
369.3	560.5574	292.7715	0	559.0779	278.5572	0	0.5467	0.3720	
385.9	551.8960	295.0238	0	550.5780	283.1900	0	0.5383	0.3764	
402.6	562.1554	282.5488	0	554.6487	271.6830	0	0.5453	0.3608	
419.3	559.2246	276.8704	0	550.1235	272.4671	0	0.5417	0.3576	
435.9	556.3430	293.1910	0	555.3037	270.6520	0	0.5428	0.3671	
452.5	550.7376	290.3425	0	548.0082	275.4071	0	0.5365	0.3683	
469.2	559.5300	285.9973	0	548.6702	279.4412	0	0.5411	0.3681	
485.9	557.4506	292.4475	0	551.4102	281.2548	0	0.5414	0.3735	
502.5	558.8635	283.8794	0	542.6979	276.7697	0	0.5379	0.3650	
519.2	562.2772	281.7161	0	547.9068	277.0975	0	0.5421	0.3638	
535.8	554.8774	291.2286	0	543.8074	278.4505	0	0.5365	0.3709	
552.5	556.1290	293.4206	0	546.1670	279.9279	0	0.5382	0.3733	
569.1	559.0974	288.2256	0	546.3544	282.9815	0	0.5398	0.3719	
585.8	556.2702	287.1669	0	546.6812	277.0227	0	0.5386	0.3673	
602.4	553.4940	283.3566	0	541.2976	282.4244	0	0.5346	0.3683	
619.1	555.2264	287.8726	0	537.8001	279.2586	0	0.5337	0.3692	
635.8	535.8194	288.7070	0	531.1017	274.5036	0	0.5210	0.3667	
652.4	417.7166	273.7137	0	424.9986	272.6157	0	0.4115	0.3557	
669.0	349.2499	259.6439	0	366.7944	259.2609	0	0.3496	0.3378	
685.8	298.4459	241.1392	0	308.4764	236.7482	0	0.2963	0.3111	
702.4	254.7961	221.0248	0	266.4340	220.4359	0	0.2545	0.2874	
719.0	236.5313	212.5918	0	244.3279	193.5606	0	0.2348	0.2644	
735.6	241.9512	207.2483	0	250.6498	194.4244	0	0.2405	0.2615	
752.4	239.2802	208.1466	0	248.6985	199.2454	0	0.2383	0.2652	
769.0	256.3480	206.1460	0	250.0002	222.0761	0	0.2472	0.2788	
785.6	248.3306	215.8986	0	249.3686	218.6280	0	0.2430	0.2829	
802.2	250.0488	212.2130	0	249.3767	221.6567	0	0.2439	0.2825	
819.0	244.5761	222.6006	0	248.2913	214.9387	0	0.2407	0.2849	
835.6	246.1937	216.2655	0	243.8633	215.0284	0	0.2393	0.2808	
852.2	244.8329	206.8371	0	241.6140	213.3370	0	0.2375	0.2736	
868.8	246.3586	217.9945	0	245.1206	217.5720	0	0.2400	0.2836	
885.6	246.4832	211.7615	0	236.4200	217.3213	0	0.2358	0.2794	
902.2	235.7280	209.3413	0	240.7156	212.9696	0	0.2326	0.2749	
918.8	245.2556	214.1167	0	237.9818	219.0593	0	0.2360	0.2820	
935.5	239.1969	206.5313	0	235.2011	212.6707	0	0.2316	0.2729	
952.2	239.7613	216.1245	0	239.5441	215.1757	0	0.2340	0.2808	
968.8	241.8818	215.3947	0	239.8596	218.3745	0	0.2352	0.2824	
985.5	243.7807	210.2068	0	234.6366	216.0504	0	0.2336	0.2775	
1002.2	241.4558	214.5096	0	234.0487	210.0713	0	0.2322	0.2764	
1018.8	242.0936	211.3583	0	234.7390	212.9837	0	0.2328	0.2763	
1035.4	248.4534	208.4683	0	233.0373	215.8308	0	0.2351	0.2762	
1052.1	241.3459	214.3436	0	236.5402	216.3439	0	0.2333	0.2804	
1068.8	238.0929	207.8414	0	239.7312	212.9107	0	0.2333	0.2739	
1085.4	243.4931	218.1969	0	237.7288	214.3079	0	0.2350	0.2816	
1102.1	244.3046	223.7297	0	234.4224	223.4818	0	0.2338	0.2912	
1118.7	260.6041	223.6514	0	264.0989	224.7736	0	0.2562	0.2919	
1135.4	387.8730	270.9289	0	380.3891	269.7856	0	0.3751	0.3520	
1152.0	494.8583	317.5213	0	491.9856	310.4116	0	0.4819	0.4088	
1168.7	571.9137	371.6573	0	552.1118	361.1814	0	0.5488	0.4771	
1185.3	595.5789	413.9157	0	578.6212	400.4755	0	0.5733	0.5302	
1202.0	600.3920	424.6156	0	575.6720	419.7245	0	0.5742	0.5497	
1218.7	590.2542	428.1058	0	568.3515	424.9691	0	0.5657	0.5554	
1235.3	594.1415	426.6638	0	564.6617	423.4633	0	0.5658	0.5535	
1251.9	593.4725	430.1290	0	569.5862	416.9261	0	0.5679	0.5515	
1268.7	593.0291	426.0921	0	567.7489	411.4178	0	0.5668	0.5453	
1285.3	591.8507	428.6710	0	568.0774	412.0244	0	0.5664	0.5473	
1301.9	596.4682	429.5695	0	574.6629	405.7523	0	0.5718	0.5438	
1318.5	-1.0000	-1.0000	4	-1.0000	-1.0000	4	-1.0000	-1.0000	
1335.3	597.6360	420.1081	0	582.5070	402.4150	0	0.5762	0.5355	
1351.9	599.7327	418.8732	0	581.8526	403.3371	0	0.5769	0.5353	
1368.5	601.2456	420.9026	0	585.7846	386.9064	0	0.5796	0.5259	
1385.1	594.8822	411.7154	0	583.3856	406.7931	0	0.5753	0.5329	
1401.9	599.0682	421.0675	0	588.5694	393.2659	0	0.5799	0.5302	
1418.5	605.0907	412.8663	0	588.0651	399.0929	0	0.5826	0.5286	
1435.1	603.8307	417.1192	0	590.3688	392.3040	0	0.5831	0.5270	
1451.8	608.3328	418.4283	0	591.4702	397.8000	0	0.5858	0.5314	
1468.5	599.1619	413.6453	0	592.7062	400.3214	0	0.5820	0.5299	
1485.1	600.7450	411.6108	0	586.5986	394.8104	0	0.5798	0.5250	
1501.7	606.3581	413.2785	0	591.2835	399.1257	0	0.5848	0.5289	
1518.4	608.4462	415.8591	0	597.1027	394.2646	0	0.5886	0.5274	
1535.1	608.6186	414.9203	0	594.6694	395.3933	0	0.5875	0.5275	
1551.7	612.3227	422.3667	0	595.2857	394.1224	0	0.5897	0.5316	
1568.4	609.4542	410.3073	0	595.7720	395.9299	0	0.5885	0.5249	
1585.0	678.2023	387.1247	0	668.0316	367.0941	0	0.6573	0.4910	
1601.7	751.6075	333.5492	0	738.0642	313.4327	0	0.7274	0.4212	
1618.3	768.2395	294.2013	0	740.2916	285.1408	0	0.7366	0.3772	
1635.0	781.0313	272.3170	0	744.1048	265.1447	0	0.7447	0.3499	
1651.6	768.9606	276.6960	0	742.9701	259.0703	0	0.7382	0.3488	
1668.3	774.8442	272.6467	0	749.3927	267.6988	0	0.7443	0.3518	
1685.0	781.2707	258.8528	0	743.1872	278.2446	0	0.7444	0.3497	
1701.6	774.6237	275.5357	0	752.9597	276.8731	0	0.7459	0.3596	
1718.2	780.5042	269.6486	0	753.1491	263.1587	0	0.7489	0.3469	
1735.0	776.1599	270.5657	0	753.2972	267.7090	0	0.7468	0.3504	
1751.6	777.7584	275.5164	0	753.5853	260.4061	0	0.7477	0.3489	
1768.2	775.9974	274.1201	0	755.1319	266.5887	0	0.7476	0.3520	
1784.8	784.6216	251.5853	0	775.1368	239.6456	0	0.7616	0.3198	
1801.6	863.4402	191.3327	0	837.7672	177.2338	0	0.8307	0.2400	
1818.2	873.0750	133.4032	0	847.7812	136.0137	0	0.8403	0.1754	
1834.8	871.7257	122.3143	0	842.7713	126.2160	0	0.8372	0.1618	
1851.4	870.0700	121.1839	0	848.8970	127.0191	0	0.8393	0.1616	
1868.2	863.9431	132.9468	0	845.8061	119.4584	0	0.8348	0.1643	
1884.8	873.1514	127.1176	0	847.2395	118.6492	0	0.8400	0.1600	
1901.4	874.0312	127.7546	0	843.8698	118.9307	0	0.8388	0.1606	
1918.2	873.0394	128.6404	0	845.9527	120.9993	0	0.8394	0.1625	
1934.8	870.6828	122.6668	0	851.2441	115.8491	0	0.8408	0.1553	
1951.4	870.8382	131.6979	0	843.8290	118.8277	0	0.8372	0.1631	
1968.0	871.6996	139.6437	0	842.3228	122.5959	0	0.8369	0.1707	
1984.8	878.3458	136.9581	0	839.7764	122.3413	0	0.8389	0.1688	
2001.4	856.3132	137.2243	0	834.5942	126.0775	0	0.8256	0.1714	
2018.0	717.2030	103.1708	0	718.8148	93.8228	0	0.7012	0.1283	
2034.7	583.7708	52.0562	0	590.1619	40.1488	0	0.5732	0.0600	
2051.4	474.5708	40.6621	0	543.1877	19.1180	0	0.4970	0.0389	
2068.0	390.7731	56.0124	0	365.7128	-47.8416	0	0.3694	0.0053	
2084.6	377.2910	59.7079	0	384.9255	82.1637	0	0.3722	0.0924	
2101.3	376.9672	69.6641	0	353.9694	-29.9857	0	0.3569	0.0258	
2118.0	382.0511	69.9189	0	335.9531	-36.4657	0	0.3506	0.0218	
2134.6	376.5868	83.7309	0	340.7813	-29.8165	0	0.3503	0.0351	
2151.3	373.3433	72.6674	0	380.8327	87.3046	0	0.3682	0.1041	
2167.9	379.8782	72.0253	0	333.1470	-27.1422	0	0.3482	0.0292	
2184.6	383.5890	74.2899	0	346.2687	-32.6994	0	0.3564	0.0271	
2201.3	377.2853	75.0222	0	383.4070	87.7661	0	0.3714	0.1060	
2217.9	386.4656	73.8796	0	343.1772	-18.5873	0	0.3563	0.0360	
2234.5	-1.0000	-1.0000	4	-1.0000	-1.0000	4	-1.0000	-1.0000	
2251.2	362.0020	59.5016	0	351.8714	51.9803	0	0.3486	0.0726	
2267.9	370.9813	58.4795	0	357.6707	60.2504	0	0.3558	0.0773	
2284.5	357.8656	55.4762	0	356.1476	58.9977	0	0.3486	0.0745	
2301.1	357.4553	49.6684	0	356.6716	57.1831	0	0.3487	0.0696	
2317.9	359.1421	66.2408	0	352.7269	58.1172	0	0.3476	0.0810	
2334.5	359.0923	66.3477	0	352.6137	65.0326	0	0.3475	0.0855	
2351.1	356.6041	65.8881	0	352.9114	60.2964	0	0.3464	0.0822	
2367.7	353.9576	66.4070	0	351.9621	61.0262	0	0.3447	0.0830	
2384.5	350.5841	63.6050	0	348.1254	62.7407	0	0.3412	0.0823	
2401.1	353.1594	60.5540	0	350.1186	61.6115	0	0.3434	0.0795	
2417.7	352.0846	66.8058	0	349.6738	58.1447	0	0.3427	0.0813	
2434.3	352.0451	57.0590	0	345.6361	52.4462	0	0.3407	0.0713	
2451.1	352.2149	58.5644	0	339.1013	52.2185	0	0.3376	0.0721	
2467.7	352.8596	54.0733	0	344.8832	57.9922	0	0.3407	0.0730	
2484.3	345.9855	62.3720	0	338.7344	56.7351	0	0.3343	0.0775	
2501.0	347.0543	65.5547	0	339.9685	52.8155	0	0.3355	0.0771	
2517.7	351.2527	61.1945	0	336.8875	52.8073	0	0.3360	0.0742	
2534.3	349.0386	69.5434	0	337.6834	48.0161	0	0.3353	0.0765	
2550.9	348.1901	64.2264	0	339.7873	54.9825	0	0.3359	0.0776	
2567.6	349.3598	62.3454	0	342.5942	51.4408	0	0.3379	0.0741	
2584.3	346.8447	61.0650	0	338.8004	55.0493	0	0.3348	0.0756	
2600.9	345.3807	60.8117	0	336.2302	54.6071	0	0.3328	0.0751	
2617.6	336.9484	61.9875	0	341.2846	62.8306	0	0.3312	0.0813	
2634.2	341.8876	63.0869	0	337.7323	60.9294	0	0.3318	0.0807	
2650.9	342.1644	57.5087	0	340.4616	53.3345	0	0.3333	0.0722	
2667.6	338.9699	62.4669	0	334.8191	55.1832	0	0.3290	0.0766	
2684.2	340.3774	66.2253	0	334.3292	59.4154	0	0.3294	0.0818	
2700.8	339.9098	65.5369	0	337.2700	55.5813	0	0.3307	0.0789	
2717.5	342.3248	75.6604	0	331.8356	61.0846	0	0.3292	0.0890	
2734.2	342.2932	67.0222	0	336.4741	66.1369	0	0.3314	0.0867	
2750.8	340.6983	86.4781	0	336.1643	82.3591	0	0.3305	0.1099	
2767.5	368.2292	188.5838	0	359.1570	179.6457	0	0.3552	0.2397	
2784.2	401.4705	280.8759	0	392.4711	286.1702	0	0.3877	0.3692	
2800.8	412.4025	326.3603	0	396.3537	318.2129	0	0.3949	0.4196	
2817.4	414.3308	333.1828	0	401.5111	326.9909	0	0.3984	0.4298	
2834.1	409.5375	338.9465	0	401.0649	327.8345	0	0.3958	0.4341	
2850.8	413.2632	336.0429	0	402.2074	321.6597	0	0.3982	0.4282	
2867.4	413.5958	341.9456	0	397.5731	325.3004	0	0.3961	0.4344	
2884.0	412.4869	341.9684	0	399.4023	332.2274	0	0.3964	0.4389	
2900.8	412.0998	336.4831	0	398.1562	328.7195	0	0.3956	0.4331	
2917.4	414.5526	336.6052	0	399.8190	326.4167	0	0.3976	0.4317	
2934.0	416.3198	335.2235	0	396.7555	330.6894	0	0.3970	0.4335	
2950.6	415.1311	332.0634	0	397.0775	333.8707	0	0.3966	0.4336	
2967.4	410.0822	327.0620	0	402.1885	316.2772	0	0.3966	0.4188	
2984.0	408.7867	336.5386	0	402.1378	318.7068	0	0.3960	0.4266	
3000.6	412.9543	334.0632	0	405.6190	323.0506	0	0.3997	0.4278	
3017.2	411.2448	338.3800	0	399.7377	322.1543	0	0.3960	0.4300	
3034.0	408.2403	344.1632	0	398.7949	328.7799	0	0.3941	0.4381	
3050.6	414.4392	338.8263	0	396.2880	324.0455	0	0.3959	0.4316	
3067.2	411.5075	342.4104	0	404.6708	330.9840	0	0.3985	0.4384	
3083.9	409.9499	338.3154	0	400.5191	336.9009	0	0.3957	0.4396	
3100.6	410.4590	352.6618	0	403.8411	346.6947	0	0.3976	0.4553	
3117.2	415.8476	352.2227	0	408.1267	335.5390	0	0.4023	0.4478	
3133.8	487.7154	406.6323	0	464.0816	396.8804	0	0.4647	0.5231	
3150.5	526.8225	469.5001	0	510.7962	448.8274	0	0.5066	0.5979	
3167.2	531.4173	507.1201	0	517.3608	493.8749	0	0.5121	0.6517	
3183.8	538.3167	513.3934	0	524.2280	499.7020	0	0.5188	0.6596	
3200.5	538.4931	515.2073	0	526.2091	493.6033	0	0.5199	0.6568	
3217.1	541.9780	517.0902	0	517.8108	495.8542	0	0.5175	0.6595	
3233.8	539.8008	531.1738	0	524.3730	499.8943	0	0.5196	0.6713	
3250.5	543.7883	521.8165	0	528.3734	488.7390	0	0.5235	0.6579	
3267.1	542.1904	536.3490	0	527.0418	488.5844	0	0.5221	0.6673	
3283.7	543.6506	522.2878	0	528.9638	497.5746	0	0.5237	0.6640	
3300.4	547.2190	518.5138	0	528.5429	499.5804	0	0.5253	0.6628	
3317.1	549.1978	518.4088	0	529.8625	496.9197	0	0.5269	0.6610	
3333.7	552.4611	515.0272	0	542.4888	501.4939	0	0.5346	0.6618	
3350.3	557.2120	518.6428	0	548.6826	503.8517	0	0.5400	0.6657	
3367.1	557.5650	522.7619	0	548.4948	501.5965	0	0.5401	0.6669	
3383.7	561.8602	526.0223	0	549.8954	501.0539	0	0.5428	0.6687	
3400.3	556.8534	528.3654	0	551.0212	508.4149	0	0.5410	0.6750	
3416.9	561.1010	517.3168	0	550.4247	501.4350	0	0.5427	0.6632	
3433.7	567.6337	529.7535	0	550.1543	506.0223	0	0.5458	0.6743	
3450.3	567.5149	525.4851	0	554.7128	510.6157	0	0.5480	0.6745	
3466.9	566.6973	522.8593	0	554.9684	500.9615	0	0.5477	0.6665	
3483.7	570.2944	523.9458	0	558.1039	506.1603	0	0.5510	0.6706	
3500.3	588.4727	538.3526	0	581.9346	517.9565	0	0.5715	0.6877	
3516.9	703.1770	574.6775	0	684.9746	547.2009	0	0.6778	0.7304	
3533.5	797.1271	607.1228	0	769.0999	575.0011	0	0.7648	0.7696	
3550.3	821.2652	610.2831	0	787.9402	575.4577	0	0.7857	0.7720	
3566.9	815.2273	614.7405	0	791.4070	577.8080	0	0.7845	0.7764	
3583.5	819.7828	613.7133	0	790.7111	578.4644	0	0.7864	0.7762	
3600.1	818.5471	614.9069	0	788.6683	580.0023	0	0.7848	0.7779	
3616.9	823.7967	613.2754	0	790.5731	576.5356	0	0.7883	0.7746	
3633.5	824.4277	616.9108	0	795.6967	577.5384	0	0.7911	0.7776	
3650.1	819.7665	610.4796	0	797.3260	574.0373	0	0.7896	0.7712	
3666.8	824.7375	615.9489	0	804.3799	562.7985	0	0.7955	0.7674	
3683.5	821.8790	614.0368	0	802.7432	569.6249	0	0.7933	0.7706	
3700.1	817.3434	618.6602	0	798.6365	574.1488	0	0.7891	0.7766	
3716.8	827.6442	604.4060	0	795.3453	570.5830	0	0.7925	0.7650	
3733.4	833.2995	607.5003	0	802.5658	576.8992	0	0.7988	0.7711	
3750.1	836.0643	607.4978	0	813.2775	585.6942	0	0.8053	0.7768	
3766.7	834.7954	602.0813	0	805.6690	572.4271	0	0.8010	0.7647	
3783.4	836.8837	611.3490	0	815.1346	574.8656	0	0.8066	0.7723	
3800.0	841.0941	607.9232	0	811.9685	582.8897	0	0.8072	0.7753	
3816.7	844.9447	608.5158	0	808.5703	582.9795	0	0.8074	0.7757	
3833.4	843.4706	596.4322	0	809.1415	571.5213	0	0.8069	0.7604	
3850.0	845.3981	614.8861	0	810.4881	567.3048	0	0.8085	0.7697	
3866.6	838.2929	600.8848	0	811.6433	569.7573	0	0.8056	0.7621	
3883.3	699.2241	595.2901	0	702.4733	574.5274	0	0.6844	0.7616	
3900.0	536.5493	563.3438	0	559.0834	539.9918	0	0.5350	0.7183	
3916.6	413.9456	538.7816	0	434.6841	532.5277	0	0.4144	0.6975	
3933.2	291.4422	517.3602	0	320.4275	491.6161	0	0.2988	0.6569	
3950.0	201.6459	505.9089	0	239.7926	478.9985	0	0.2155	0.6412	
3966.6	-1.0000	-1.0000	4	-1.0000	-1.0000	4	-1.0000	-1.0000	
3983.2	149.4597	502.6127	0	-1.0000	-1.0000	4	0.1460	0.6544	
3999.8	-1.0000	-1.0000	4	-1.0000	-1.0000	4	-1.0000	-1.0000	
4016.6	158.0099	498.9433	0	-1.0000	-1.0000	4	0.1543	0.6497	
4033.2	-1.0000	-1.0000	4	-1.0000	-1.0000	4	-1.0000	-1.0000	
4049.8	162.6136	501.3048	0	-1.0000	-1.0000	4	0.1588	0.6527	
4066.4	-1.0000	-1.0000	4	-1.0000	-1.0000	4	-1.0000	-1.0000	
4083.2	133.9224	474.2051	0	137.3756	438.3901	0	0.1325	0.5941	
4099.8	140.3514	476.4139	0	132.1167	461.1957	0	0.1330	0.6104	
4116.4	130.1981	467.2152	0	126.3649	453.0411	0	0.1253	0.5991	
4133.1	127.2612	473.7086	0	128.9141	457.0665	0	0.1251	0.6060	
4149.8	128.8891	458.2280	0	128.0899	451.2073	0	0.1255	0.5921	
4166.4	128.7813	467.5464	0	128.0389	458.8007	0	0.1254	0.6031	
4183.0	131.9013	462.8261	0	125.6812	466.0833	0	0.1258	0.6048	
4199.7	127.4372	464.6324	0	121.0948	455.0610	0	0.1214	0.5988	
4216.4	123.8013	467.1558	0	126.7056	444.9569	0	0.1223	0.5938	
4233.0	120.0896	457.7192	0	119.6705	455.9866	0	0.1171	0.5949	
4249.7	119.5823	446.3644	0	116.8299	438.5680	0	0.1154	0.5761	
4266.3	139.9644	474.3818	0	129.3231	460.9158	0	0.1315	0.6089	
4283.0	137.9604	473.4069	0	123.3130	461.8935	0	0.1276	0.6089	
4299.7	135.0077	480.9903	0	132.5666	463.5469	0	0.1307	0.6149	
4316.3	130.2499	475.8832	0	130.3071	448.8661	0	0.1272	0.6021	
4332.9	138.3131	470.3356	0	127.9453	460.2423	0	0.1300	0.6058	
4349.6	132.7965	479.2554	0	132.0777	444.6563	0	0.1293	0.6015	
4366.3	133.9733	471.7808	0	127.7365	460.1116	0	0.1278	0.6067	
4382.9	136.1366	470.9021	0	130.6801	463.0895	0	0.1303	0.6081	
4399.6	137.5042	476.2691	0	129.1856	446.7505	0	0.1302	0.6009	
4416.3	139.5701	468.0607	0	132.1982	458.5239	0	0.1327	0.6032	
4432.9	251.8792	441.2784	0	257.4613	409.3315	0	0.2487	0.5538	
4449.5	400.6604	373.7167	0	387.5072	352.6079	0	0.3848	0.4729	
4466.3	505.0945	346.7217	0	493.4367	328.2614	0	0.4876	0.4394	
4482.9	555.2369	353.5732	0	542.0372	315.5955	0	0.5358	0.4357	
4499.5	573.0859	334.9314	0	550.6508	313.8703	0	0.5487	0.4224	
4516.1	573.1825	338.5619	0	553.2910	304.6595	0	0.5500	0.4188	
4532.9	574.7404	339.5597	0	548.0898	308.6044	0	0.5483	0.4220	
4549.5	574.6230	333.2629	0	559.3041	306.0680	0	0.5537	0.4162	
4566.1	579.5091	335.2243	0	561.8218	305.8898	0	0.5573	0.4174	
4582.7	576.5220	330.1060	0	556.7618	312.2106	0	0.5534	0.4182	
4599.5	573.6902	338.3529	0	557.3300	301.7666	0	0.5523	0.4167	
4616.1	-1.0000	-1.0000	4	-1.0000	-1.0000	4	-1.0000	-1.0000	
4632.7	579.6771	320.4687	0	565.2043	299.4148	0	0.5590	0.4036	
4649.3	583.2645	322.3005	0	566.5132	300.9574	0	0.5614	0.4058	
4666.1	585.5714	324.3194	0	569.4880	303.1594	0	0.5640	0.4085	
4682.7	633.2325	319.6845	0	623.5090	306.8488	0	0.6136	0.4079	
4699.3	761.2998	321.2755	0	735.4930	294.7976	0	0.7309	0.4011	
4716.0	798.2503	312.3485	0	773.0271	296.7048	0	0.7672	0.3965	
4732.7	807.6420	310.9319	0	779.6488	282.4815	0	0.7750	0.3863	
4749.3	805.8114	305.0492	0	772.1393	291.8210	0	0.7705	0.3886	
4765.9	812.9193	309.4825	0	788.9075	281.4288	0	0.7821	0.3847	
4782.6	815.5252	311.1330	0	786.8885	282.0343	0	0.7824	0.3862	
4799.3	810.7431	307.5245	0	796.6529	275.8314	0	0.7849	0.3798	
4815.9	813.6334	312.4202	0	780.2381	291.4596	0	0.7783	0.3932	
4832.6	808.6606	319.5461	0	787.2648	289.4973	0	0.7793	0.3965	
4849.2	814.1075	308.3587	0	788.6043	296.1663	0	0.7826	0.3936	
4865.9	810.4564	312.6303	0	792.4806	283.2174	0	0.7827	0.3879	
4882.6	809.5032	308.1427	0	799.9704	286.4072	0	0.7859	0.3871	
4899.2	819.0995	313.9597	0	792.2496	279.8540	0	0.7868	0.3866	
4915.8	817.5860	310.2531	0	795.0992	284.7534	0	0.7874	0.3874	
4932.5	815.7693	306.6926	0	794.3774	289.4114	0	0.7862	0.3881	
4949.2	819.6928	310.3392	0	797.3808	284.5898	0	0.7896	0.3873	
4965.8	819.3294	304.2879	0	803.6719	281.7206	0	0.7925	0.3815	
4982.4	816.9985	300.7688	0	798.1911	277.8427	0	0.7887	0.3767	
TimeStamp	GazePointXLeft	GazePointYLeft	ValidityLeft	GazePointXRight	GazePointYRight	ValidityRight	GazePointX	GazePointY	Event
0.0	-1.0000	-1.0000	4	-1.0000	-1.0000	4	-1.0000	-1.0000	
18.1	-1.0000	-1.0000	4	-1.0000	-1.0000	4	-1.0000	-1.0000	
34.7	-1.0000	-1.0000	4	-1.0000	-1.0000	4	-1.0000	-1.0000	
52.9	825.8482	313.1128	0	805.5125	287.6689	0	0.7966	0.3911	
69.5	832.1452	316.0732	0	805.1395	294.0734	0	0.7995	0.3972	
86.1	834.3841	308.1411	0	809.5550	289.3002	0	0.8027	0.3890	
102.7	829.7370	313.0523	0	798.4510	292.7179	0	0.7950	0.3944	
119.5	827.4515	301.4319	0	809.1283	287.5627	0	0.7991	0.3835	
136.1	826.9216	317.7083	0	806.6728	288.1265	0	0.7977	0.3944	
152.7	828.3963	324.8443	0	806.9876	282.9416	0	0.7985	0.3957	
169.4	824.9383	318.8952	0	804.2718	285.9667	0	0.7955	0.3938	
186.1	726.1417	355.5730	0	720.2270	320.9196	0	0.7062	0.4404	
202.7	592.3633	389.3487	0	596.0839	353.1061	0	0.5803	0.4834	
219.4	512.8330	404.8331	0	522.3819	375.2878	0	0.5055	0.5079	
236.1	512.7030	402.2154	0	517.0461	382.6929	0	0.5028	0.5110	
252.7	514.9454	408.9195	0	514.3934	384.2405	0	0.5026	0.5164	
269.3	511.5511	407.3915	0	517.0899	386.1741	0	0.5023	0.5166	
286.0	515.0533	415.9784	0	517.6528	382.3024	0	0.5043	0.5197	
302.7	508.0874	410.2114	0	513.9596	383.0803	0	0.4990	0.5165	
319.3	513.8870	408.5263	0	510.6409	385.2409	0	0.5003	0.5168	
335.9	507.7308	411.7461	0	515.7779	381.9369	0	0.4998	0.5167	
352.6	-1.0000	-1.0000	4	-1.0000	-1.0000	4	-1.0000	-1.0000	
369.3	518.3057	398.7398	0	504.2888	375.8284	0	0.4993	0.5043	
385.9	521.7046	397.7606	0	501.9884	373.5705	0	0.4999	0.5022	
402.6	524.7672	395.1853	0	499.5865	376.8544	0	0.5002	0.5026	
419.2	515.1960	397.4658	0	496.9743	378.6087	0	0.4942	0.5053	
435.9	516.0065	404.1555	0	499.9180	373.4440	0	0.4961	0.5062	
452.6	520.9903	388.5774	0	499.7926	378.1143	0	0.4984	0.4991	
469.2	513.4010	401.4175	0	496.7963	369.1262	0	0.4933	0.5017	
485.8	523.0906	382.2149	0	498.1486	364.6387	0	0.4987	0.4862	
502.5	517.2142	388.5593	0	500.8143	371.7215	0	0.4971	0.4950	
519.2	509.0590	388.0435	0	495.9497	371.4578	0	0.4907	0.4945	
535.8	510.1622	404.4261	0	492.5518	362.8884	0	0.4896	0.4996	
552.4	518.1125	391.7422	0	492.4451	362.4921	0	0.4934	0.4910	
569.2	476.4872	367.9744	0	455.1925	339.3204	0	0.4549	0.4605	
585.8	422.6935	286.7909	0	416.3026	262.6108	0	0.4097	0.3577	
602.4	392.7504	213.3051	0	387.5775	197.1087	0	0.3810	0.2672	
619.0	363.3375	177.3187	0	358.6325	161.6689	0	0.3525	0.2207	
635.8	343.0763	158.9479	0	341.5515	159.6262	0	0.3343	0.2074	
652.4	349.2113	161.2916	0	342.8567	163.4617	0	0.3379	0.2114	
669.0	350.7927	160.0083	0	340.1032	157.2525	0	0.3374	0.2065	
685.6	347.6763	162.5143	0	339.4595	154.3518	0	0.3355	0.2063	
702.4	355.7386	164.6279	0	338.7320	154.3765	0	0.3391	0.2077	
719.0	364.7313	144.2187	0	335.5174	147.3370	0	0.3419	0.1898	
735.6	360.6215	163.1570	0	348.0968	153.6200	0	0.3461	0.2062	
752.3	357.3019	164.1729	0	348.8239	157.0866	0	0.3448	0.2092	
769.0	361.7608	158.3464	0	348.0149	159.4212	0	0.3466	0.2069	
785.6	361.1586	163.3911	0	348.9726	155.0871	0	0.3467	0.2073	
802.3	326.0188	148.0631	0	312.1792	139.7697	0	0.3116	0.1874	
818.9	246.8314	113.2169	0	234.4401	105.1316	0	0.2350	0.1422	
835.6	221.3701	94.8553	0	216.2550	97.7736	0	0.2137	0.1254	
852.2	218.7210	92.3032	0	211.8408	92.9521	0	0.2102	0.1206	
868.9	214.7161	94.1991	0	212.5564	91.3624	0	0.2086	0.1208	
885.5	214.3050	93.9558	0	213.1638	93.2331	0	0.2087	0.1219	
902.2	213.9559	96.3134	0	206.0979	86.2450	0	0.2051	0.1189	
918.9	218.1492	90.2274	0	213.0218	99.6047	0	0.2105	0.1236	
935.5	221.3685	96.2592	0	208.3076	86.7902	0	0.2098	0.1192	
952.2	217.3608	97.1089	0	208.3915	86.4658	0	0.2079	0.1195	
968.8	214.6708	98.5422	0	204.6279	93.4260	0	0.2047	0.1250	
985.5	212.2379	93.6628	0	207.2352	91.8506	0	0.2048	0.1208	
1002.1	216.0585	99.1015	0	202.5969	96.9492	0	0.2044	0.1276	
1018.8	213.5162	90.4692	0	198.6151	88.4205	0	0.2012	0.1165	
1035.5	206.9744	88.7661	0	199.4052	88.8822	0	0.1984	0.1157	
1052.1	204.6619	99.0478	0	195.6188	90.2298	0	0.1954	0.1232	
1068.7	204.6164	96.5103	0	195.1128	99.6971	0	0.1952	0.1277	
1085.4	202.8294	99.6222	0	198.4423	100.3236	0	0.1959	0.1302	
1102.1	206.8199	92.2527	0	196.2709	92.7580	0	0.1968	0.1204	
1118.7	206.1040	94.9760	0	198.7373	99.8948	0	0.1977	0.1269	
1135.3	197.8252	98.0923	0	192.2255	100.5754	0	0.1905	0.1293	
1152.1	203.2620	99.7261	0	195.6848	107.2442	0	0.1948	0.1347	
1168.7	197.4796	104.3017	0	186.1087	125.5029	0	0.1873	0.1496	
1185.3	130.0173	161.6300	0	134.9961	176.8726	0	0.1294	0.2204	
1201.9	99.5073	216.9601	0	84.8363	229.5915	0	0.0900	0.2907	
1218.7	62.1470	295.6103	0	55.8373	301.6795	0	0.0576	0.3889	
1235.3	64.0770	345.2609	0	35.2917	317.6528	0	0.0485	0.4316	
1251.9	67.7030	417.3600	0	58.1356	370.5804	0	0.0614	0.5130	
1268.5	76.0474	449.9933	0	73.5131	419.6856	0	0.0730	0.5662	
1285.3	79.3907	434.2222	0	84.7234	447.8555	0	0.0801	0.5743	
1301.9	75.4598	452.8382	0	83.5867	437.5935	0	0.0777	0.5797	
1318.5	77.0893	443.0129	0	85.8852	436.8582	0	0.0796	0.5728	
1335.2	85.1105	441.0151	0	86.6987	437.0703	0	0.0839	0.5717	
1351.9	82.5847	436.1284	0	86.8109	434.5967	0	0.0827	0.5669	
1368.5	86.2250	438.1831	0	84.7307	435.5839	0	0.0835	0.5689	
1385.1	84.1052	432.9958	0	84.3695	424.0366	0	0.0823	0.5580	
1401.8	80.8514	448.0485	0	85.3087	439.0590	0	0.0811	0.5775	
1418.5	84.1733	438.5785	0	87.5809	427.1042	0	0.0839	0.5636	
1435.1	81.4016	443.4580	0	85.9805	436.8311	0	0.0817	0.5731	
1451.8	84.2011	440.5896	0	81.4421	434.2401	0	0.0809	0.5696	
1468.4	85.5602	435.1445	0	81.8510	436.9908	0	0.0817	0.5678	
1485.1	84.7673	444.5186	0	84.0352	429.5633	0	0.0824	0.5691	
1501.7	79.5727	447.1983	0	91.5775	428.9025	0	0.0836	0.5704	
1518.4	84.6945	456.0476	0	82.1933	435.3704	0	0.0815	0.5804	
1535.0	89.7983	451.5863	0	88.7344	435.4320	0	0.0872	0.5775	
1551.7	87.0500	451.5711	0	87.2784	441.1671	0	0.0851	0.5812	
1568.4	94.4120	441.6920	0	95.3299	437.3990	0	0.0926	0.5723	
1585.0	100.9719	451.5180	0	95.1214	435.7892	0	0.0957	0.5777	
1601.6	104.4878	451.2882	0	109.8076	442.1111	0	0.1046	0.5816	
1618.4	226.9048	505.5547	0	225.4632	487.8173	0	0.2209	0.6467	
1635.0	340.6982	580.7984	0	336.6796	551.8818	0	0.3308	0.7374	
1651.6	447.5756	631.6533	0	432.1982	600.8856	0	0.4296	0.8024	
1668.2	523.0608	688.9697	0	497.6355	655.0170	0	0.4984	0.8750	
1685.0	551.6058	737.6050	0	526.3706	692.7452	0	0.5264	0.9312	
1701.6	564.6156	756.9313	0	530.3191	708.2030	0	0.5346	0.9539	
1718.2	563.4917	755.0150	0	534.4188	705.8440	0	0.5361	0.9511	
1734.8	562.8963	756.4342	0	536.7414	711.8756	0	0.5369	0.9559	
1751.6	565.2901	755.9303	0	528.7224	705.2777	0	0.5342	0.9513	
1768.2	569.5939	755.0596	0	550.4614	708.9024	0	0.5469	0.9531	
1784.8	573.1359	753.1020	0	538.2976	712.3634	0	0.5427	0.9541	
1801.6	569.6475	755.0225	0	548.7978	712.2215	0	0.5461	0.9552	
1818.2	-1.0000	-1.0000	4	-1.0000	-1.0000	4	-1.0000	-1.0000	
1834.8	580.6993	753.7871	0	552.9655	704.2432	0	0.5535	0.9492	
1851.4	583.6829	752.1124	0	561.7755	704.0501	0	0.5593	0.9480	
1868.2	586.8411	753.3493	0	559.3702	705.8555	0	0.5597	0.9500	
1884.8	586.2108	746.5759	0	562.7891	710.8005	0	0.5610	0.9488	
1901.4	587.3314	758.1044	0	563.9469	712.1529	0	0.5621	0.9572	
1918.1	586.9188	755.2086	0	564.7999	694.7829	0	0.5624	0.9440	
1934.8	585.9391	755.5996	0	571.1381	699.5119	0	0.5650	0.9473	
1951.4	590.3261	752.8426	0	569.1501	696.5003	0	0.5662	0.9436	
1968.0	593.1648	751.1633	0	574.9450	711.0584	0	0.5704	0.9520	
1984.7	589.9460	748.7792	0	570.8517	700.0664	0	0.5668	0.9433	
2001.4	614.1779	743.8403	0	586.2885	698.5216	0	0.5862	0.9390	
2018.0	719.2563	674.2388	0	708.9898	624.8625	0	0.6974	0.8458	
2034.7	814.6867	566.5099	0	787.3720	517.7444	0	0.7823	0.7059	
2051.3	851.1172	489.5392	0	829.2688	457.3014	0	0.8205	0.6164	
2068.0	862.9454	435.0788	0	829.8514	420.4747	0	0.8266	0.5570	
2084.7	863.1115	435.0124	0	834.6875	414.0695	0	0.8290	0.5528	
2101.3	859.6185	450.6003	0	835.6589	411.6194	0	0.8278	0.5613	
2117.9	864.0815	442.2508	0	831.7548	410.1840	0	0.8280	0.5550	
2134.6	867.5450	440.7313	0	830.5978	400.2605	0	0.8292	0.5475	
2151.3	870.6976	438.4566	0	837.9172	403.0202	0	0.8343	0.5478	
2167.9	865.2864	452.3516	0	832.4883	404.1389	0	0.8290	0.5576	
2184.5	906.2779	383.7708	0	864.0112	373.2599	0	0.8644	0.4929	
2201.3	900.3378	330.4452	0	871.3119	298.0077	0	0.8651	0.4091	
2217.9	914.5064	292.3272	0	874.4953	275.3233	0	0.8735	0.3696	
2234.5	911.4189	294.3518	0	877.4736	262.2201	0	0.8735	0.3624	
2251.1	915.0401	291.5527	0	882.7806	268.8946	0	0.8778	0.3649	
2267.9	910.1822	288.0171	0	879.1872	262.2568	0	0.8737	0.3583	
2284.5	915.1750	294.4852	0	883.3957	267.6610	0	0.8782	0.3660	
2301.1	917.0275	281.3314	0	879.5725	263.6207	0	0.8772	0.3548	
2317.7	917.7445	280.6811	0	887.4175	259.0869	0	0.8814	0.3514	
2334.5	911.6567	283.9413	0	884.7035	258.3429	0	0.8771	0.3530	
2351.1	916.5192	283.7493	0	888.1767	256.2264	0	0.8812	0.3515	
2367.7	914.8510	277.9627	0	890.2923	253.7133	0	0.8814	0.3461	
2384.3	920.8891	278.6132	0	882.8352	257.3764	0	0.8807	0.3490	
2401.1	913.3139	285.2243	0	885.1908	247.8906	0	0.8782	0.3471	
2417.7	828.7696	221.9107	0	809.1985	209.8151	0	0.7998	0.2811	
2434.3	712.6146	166.7210	0	698.6439	143.8134	0	0.6891	0.2022	
2451.0	597.9259	116.6199	0	599.3762	80.0655	0	0.5846	0.1281	
2467.7	479.4410	66.0023	0	465.7915	12.1535	0	0.4615	0.0509	
2484.3	398.5518	69.8018	0	370.8942	-36.8412	0	0.3757	0.0215	
2501.0	349.7870	71.6360	0	303.2680	-44.8034	0	0.3189	0.0175	
2517.6	348.1641	71.1487	0	343.6564	77.9983	0	0.3378	0.0971	
2534.3	349.7073	81.1952	0	350.7450	86.9464	0	0.3420	0.1095	
2550.9	-1.0000	-1.0000	4	-1.0000	-1.0000	4	-1.0000	-1.0000	
2567.6	247.1734	82.2578	0	244.8097	49.1545	0	0.2402	0.0856	
2584.2	192.9754	96.3193	0	200.9982	67.9027	0	0.1924	0.1069	
2600.9	197.0090	90.7169	0	191.9383	63.5680	0	0.1899	0.1004	
2617.6	188.8363	95.0846	0	194.2953	67.2939	0	0.1871	0.1057	
2634.2	190.5249	90.6626	0	189.4065	66.8706	0	0.1855	0.1026	
2650.8	191.2170	94.0684	0	194.7739	71.0516	0	0.1885	0.1075	
2667.6	195.1794	88.7211	0	193.3307	72.2038	0	0.1897	0.1048	
2684.2	183.8113	90.7480	0	193.9221	69.5241	0	0.1844	0.1043	
2700.8	193.3462	92.7860	0	187.6797	71.0406	0	0.1860	0.1067	
2717.5	194.5191	90.9824	0	188.8563	71.3100	0	0.1872	0.1057	
2734.2	196.2075	103.1690	0	192.4494	65.4560	0	0.1898	0.1098	
2750.8	196.5036	94.9760	0	193.9521	73.7174	0	0.1907	0.1098	
2767.4	189.8363	94.7724	0	188.4369	75.8069	0	0.1847	0.1111	
2784.2	190.3495	93.1160	0	188.1489	80.4846	0	0.1848	0.1130	
2800.8	192.2295	100.9355	0	185.6589	72.8842	0	0.1845	0.1132	
2817.4	193.6216	99.7006	0	187.1645	81.8920	0	0.1859	0.1182	
2834.0	185.6647	95.7000	0	184.8549	84.5323	0	0.1809	0.1173	
2850.8	192.8287	97.1938	0	188.4745	88.7413	0	0.1862	0.1211	
2867.4	244.0875	129.8374	0	243.2509	142.8175	0	0.2380	0.1775	
2884.0	361.7205	226.0399	0	354.0419	237.6612	0	0.3495	0.3019	
2900.6	444.1118	316.6184	0	423.6284	304.4800	0	0.4237	0.4044	
2917.4	460.3691	354.5371	0	447.5295	341.2597	0	0.4433	0.4530	
2934.0	461.8546	358.0041	0	449.3153	335.6642	0	0.4449	0.4516	
2950.6	463.7338	360.1676	0	443.3847	344.3381	0	0.4429	0.4587	
2967.2	465.4181	360.0179	0	442.8091	343.1382	0	0.4435	0.4578	
2984.0	465.2067	349.3316	0	434.9295	348.6261	0	0.4395	0.4544	
3000.6	467.1462	351.2320	0	441.6569	339.0400	0	0.4438	0.4494	
3017.2	464.3272	355.5469	0	442.8782	347.1609	0	0.4430	0.4575	
3033.9	463.9199	355.2391	0	440.1357	348.3568	0	0.4414	0.4581	
3050.6	459.4208	360.1877	0	445.6485	343.8930	0	0.4419	0.4584	
3067.2	466.2876	353.0113	0	448.6128	344.9887	0	0.4467	0.4544	
3083.9	467.9182	359.9878	0	447.0710	345.9647	0	0.4468	0.4596	
3100.5	462.4378	350.9134	0	443.9413	327.8156	0	0.4426	0.4419	
3117.2	464.5725	351.3155	0	442.3972	333.8990	0	0.4429	0.4461	
3133.8	459.8374	354.4863	0	441.2441	330.2684	0	0.4400	0.4458	
3150.5	460.9854	348.6679	0	445.8962	337.8373	0	0.4428	0.4469	
3167.1	463.7002	351.4134	0	450.8336	335.6899	0	0.4465	0.4473	
3183.8	467.2887	348.3828	0	452.1634	332.0571	0	0.4490	0.4430	
3200.5	461.7578	354.5948	0	451.6357	338.8909	0	0.4460	0.4515	
3217.1	468.7109	355.2700	0	452.5506	345.3807	0	0.4498	0.4562	
3233.7	471.3368	353.7825	0	458.8467	338.0886	0	0.4542	0.4504	
3250.4	468.1435	356.9214	0	448.6715	340.5037	0	0.4477	0.4541	
3267.1	468.9862	361.1882	0	452.5721	339.8655	0	0.4500	0.4564	
3283.7	470.8060	371.0902	0	459.6940	345.2615	0	0.4543	0.4664	
3300.3	477.3231	370.3607	0	449.8718	353.7474	0	0.4527	0.4714	
3317.1	480.1794	379.4179	0	464.9680	359.5937	0	0.4615	0.4811	
3333.7	536.6048	444.9550	0	523.6484	432.8452	0	0.5177	0.5715	
3350.3	564.5808	534.4587	0	546.6702	514.4862	0	0.5426	0.6829	
3366.9	574.8436	591.8974	0	558.2904	556.6912	0	0.5533	0.7478	
3383.7	573.7812	607.3585	0	556.3628	568.1783	0	0.5518	0.7653	
3400.3	571.7030	602.8270	0	555.1087	569.4065	0	0.5502	0.7632	
3416.9	581.5503	598.4286	0	555.7394	572.5682	0	0.5553	0.7624	
3433.7	579.8529	601.9482	0	554.6914	567.0049	0	0.5540	0.7610	
3450.3	577.6558	601.2476	0	559.5623	567.8284	0	0.5553	0.7611	
3466.9	585.0683	606.8572	0	566.6438	565.7264	0	0.5624	0.7634	
3483.5	588.7996	596.0919	0	568.7370	562.0145	0	0.5652	0.7540	
3500.3	585.8825	600.9198	0	569.4526	570.6765	0	0.5641	0.7628	
3516.9	586.5982	599.4650	0	564.1405	565.5512	0	0.5619	0.7585	
3533.5	585.4962	595.1682	0	566.5458	574.4732	0	0.5625	0.7615	
3550.2	584.7401	609.3720	0	568.5163	574.7867	0	0.5631	0.7709	
3566.9	585.5855	604.0000	0	571.2434	572.3168	0	0.5649	0.7658	
3583.5	591.5394	603.6624	0	565.1467	569.1876	0	0.5648	0.7636	
3600.1	588.4845	595.4113	0	567.9315	574.2754	0	0.5647	0.7615	
3616.8	588.3606	591.2227	0	573.1402	571.3294	0	0.5671	0.7569	
3633.5	586.6200	591.6158	0	569.6042	578.7119	0	0.5646	0.7619	
3650.1	598.7749	606.0689	0	569.1643	575.4884	0	0.5703	0.7692	
3666.8	586.1520	597.3829	0	572.7587	577.8822	0	0.5659	0.7651	
3683.4	589.2940	598.2286	0	570.5091	568.7601	0	0.5663	0.7598	
3700.1	574.3876	597.4732	0	566.2452	570.8046	0	0.5569	0.7606	
3716.7	469.1092	604.9014	0	468.5799	585.9457	0	0.4579	0.7753	
3733.4	367.0722	606.5714	0	381.0767	580.3273	0	0.3653	0.7727	
3750.0	300.4611	611.3401	0	319.1405	588.4548	0	0.3025	0.7811	
3766.7	265.3189	625.9796	0	279.4153	596.8504	0	0.2660	0.7961	
3783.4	261.3914	623.3185	0	271.3332	598.4775	0	0.2601	0.7954	
3800.0	257.7405	624.1199	0	268.3768	600.4973	0	0.2569	0.7973	
3816.6	258.6546	632.9379	0	271.5880	607.4341	0	0.2589	0.8075	
3833.4	248.8199	614.0928	0	280.5010	607.2692	0	0.2585	0.7952	
3850.0	274.8356	641.2188	0	258.0749	603.8454	0	0.2602	0.8106	
3866.6	270.5842	637.5033	0	249.8599	616.6749	0	0.2541	0.8165	
3883.2	264.9754	635.1791	0	252.1966	605.5077	0	0.2525	0.8077	
3900.0	268.1856	630.9508	0	255.1469	603.1971	0	0.2555	0.8035	
3916.6	270.7628	636.0126	0	257.5849	605.8944	0	0.2580	0.8085	
3933.2	261.7043	636.2484	0	253.8730	595.2867	0	0.2517	0.8018	
3949.8	264.9834	631.2048	0	252.3743	605.7000	0	0.2526	0.8053	
3966.6	259.3814	636.6868	0	245.3451	614.7834	0	0.2464	0.8148	
3983.2	263.9086	628.7377	0	242.0423	609.6255	0	0.2470	0.8062	
3999.8	263.0921	636.1467	0	251.5574	606.8375	0	0.2513	0.8092	
4016.4	267.5229	624.4426	0	253.0252	611.7621	0	0.2542	0.8048	
4033.2	265.1561	623.9889	0	251.0253	607.9638	0	0.2520	0.8021	
4049.8	261.8411	631.8819	0	247.4589	601.7086	0	0.2487	0.8031	
4066.4	259.4684	628.1918	0	249.6168	608.3790	0	0.2486	0.8051	
4083.1	261.6833	622.7198	0	246.8879	603.1110	0	0.2483	0.7981	
4099.8	260.6438	623.7132	0	251.7111	598.2300	0	0.2502	0.7955	
4116.4	257.1380	624.7023	0	251.6717	606.1155	0	0.2484	0.8013	
4133.0	283.8961	596.0661	0	281.6606	569.1049	0	0.2762	0.7586	
4149.7	389.4698	478.1914	0	390.5636	447.5107	0	0.3809	0.6027	
4166.4	464.5886	400.0565	0	445.7935	365.1999	0	0.4445	0.4982	
4183.0	528.0450	327.6272	0	516.5304	315.6247	0	0.5100	0.4188	
4199.7	546.0112	267.1253	0	528.1784	268.1434	0	0.5245	0.3485	
4216.3	553.0755	263.5848	0	529.8358	267.6506	0	0.5288	0.3459	
4233.0	549.7230	264.2924	0	527.8828	266.0261	0	0.5262	0.3453	
4249.7	549.5378	264.1535	0	520.6085	263.3560	0	0.5225	0.3434	
4266.3	548.9822	265.7376	0	525.9696	266.8319	0	0.5249	0.3467	
4282.9	549.3421	262.5451	0	529.4999	269.2808	0	0.5268	0.3462	
4299.6	547.4726	271.6474	0	527.3757	267.4698	0	0.5248	0.3510	
4316.3	547.6946	268.3621	0	529.4596	270.0049	0	0.5260	0.3505	
4332.9	547.5172	267.0171	0	526.9488	271.5786	0	0.5246	0.3506	
4349.6	547.7813	270.4713	0	523.8686	265.1128	0	0.5233	0.3487	
4366.3	543.7606	274.0392	0	525.3734	269.4906	0	0.5220	0.3539	
4382.9	547.1300	272.4788	0	539.2093	265.6979	0	0.5304	0.3504	
4399.5	544.0971	270.0616	0	533.4876	267.0000	0	0.5262	0.3496	
4416.2	552.0142	263.1012	0	545.6315	262.5252	0	0.5360	0.3422	
4432.9	545.0551	263.2203	0	539.4007	261.3966	0	0.5295	0.3415	
4449.5	557.2945	268.9484	0	542.8018	261.5707	0	0.5372	0.3454	
4466.1	550.1754	269.5144	0	538.4941	267.9436	0	0.5316	0.3499	
4482.9	556.6041	267.3033	0	544.0568	263.2134	0	0.5374	0.3454	
4499.5	613.0466	275.2646	0	606.7345	276.5916	0	0.5956	0.3593	
4516.1	725.5430	277.9768	0	712.2272	268.8531	0	0.7020	0.3560	
4532.7	819.6926	290.8230	0	794.0510	275.8433	0	0.7880	0.3689	
4549.5	880.5003	304.6959	0	851.3115	299.1346	0	0.8456	0.3931	
4566.1	905.2255	329.2647	0	876.3431	299.1648	0	0.8699	0.4091	
4582.7	899.2552	328.4372	0	882.1066	293.8061	0	0.8698	0.4051	
4599.3	905.8523	317.6871	0	871.9218	295.0257	0	0.8681	0.3989	
4616.1	905.4492	317.0757	0	878.8252	290.2719	0	0.8712	0.3954	
4632.7	905.9457	317.0973	0	870.5803	297.0657	0	0.8674	0.3998	
4649.3	903.0645	320.3402	0	874.8360	294.1268	0	0.8681	0.4000	
4666.0	904.2947	316.8124	0	871.2482	293.4704	0	0.8670	0.3973	
4682.7	908.1890	324.0558	0	874.6493	294.6625	0	0.8705	0.4028	
4699.3	904.6972	329.1023	0	877.8081	291.7497	0	0.8704	0.4042	
4715.9	909.3949	326.1553	0	879.4122	294.2200	0	0.8734	0.4039	
4732.6	913.6651	318.0424	0	886.1419	291.2240	0	0.8788	0.3967	
4749.3	917.0258	312.2325	0	884.5846	299.2328	0	0.8797	0.3981	
4765.9	914.2979	308.8949	0	883.1884	295.7183	0	0.8777	0.3936	
4782.6	912.6755	322.7447	0	882.6854	291.1870	0	0.8766	0.3997	
4799.2	911.5756	320.1682	0	886.7270	293.3228	0	0.8781	0.3994	
4815.9	919.7850	326.5503	0	884.9954	296.5642	0	0.8812	0.4057	
4832.6	911.2017	330.9692	0	888.5594	303.9987	0	0.8788	0.4134	
4849.2	913.0535	328.5621	0	882.0276	296.4484	0	0.8765	0.4069	
4865.8	918.9376	335.1234	0	883.2243	308.2111	0	0.8800	0.4188	
4882.5	903.5432	319.4803	0	884.2681	299.6994	0	0.8730	0.4031	
4899.2	911.8181	334.5009	0	888.1071	300.3277	0	0.8789	0.4133	
4915.8	911.8696	330.3097	0	877.2641	291.2871	0	0.8736	0.4047	
4932.4	907.4846	331.6076	0	881.6198	305.0046	0	0.8736	0.4145	
4949.2	906.2920	333.3559	0	887.1573	297.9349	0	0.8757	0.4110	
4965.8	910.6045	331.0445	0	882.6504	305.5954	0	0.8756	0.4145	
4982.4	909.4445	328.7947	0	883.2495	300.5760	0	0.8753	0.4097	
TimeStamp	GazePointXLeft	GazePointYLeft	ValidityLeft	GazePointXRight	GazePointYRight	ValidityRight	GazePointX	GazePointY	Event
0.0	-1.0000	-1.0000	4	-1.0000	-1.0000	4	-1.0000	-1.0000	
18.1	-1.0000	-1.0000	4	-1.0000	-1.0000	4	-1.0000	-1.0000	
34.8	-1.0000	-1.0000	4	-1.0000	-1.0000	4	-1.0000	-1.0000	
52.9	588.7368	486.8159	0	589.3856	464.5804	0	0.5753	0.6194	
69.6	600.0717	490.8908	0	596.3131	461.3825	0	0.5842	0.6200	
86.2	590.1605	494.5441	0	595.5874	474.0319	0	0.5790	0.6306	
102.9	588.1625	492.1478	0	591.1103	468.8675	0	0.5758	0.6257	
119.6	595.7197	504.0972	0	585.7901	465.6803	0	0.5769	0.6314	
136.2	601.5266	486.7861	0	585.2088	463.8471	0	0.5795	0.6189	
152.9	601.6533	486.2105	0	588.6932	466.2070	0	0.5812	0.6201	
169.5	596.2257	489.7372	0	586.8029	467.7845	0	0.5777	0.6234	
186.2	604.7295	494.3208	0	586.1385	458.8825	0	0.5815	0.6206	
202.8	603.9818	487.5865	0	584.6604	457.5418	0	0.5804	0.6153	
219.5	597.8444	488.0280	0	584.1411	462.2222	0	0.5771	0.6187	
236.1	603.4175	490.0716	0	584.5512	471.4344	0	0.5801	0.6260	
252.8	600.5485	493.6544	0	587.4617	458.2986	0	0.5801	0.6198	
269.5	598.3977	482.6609	0	591.6511	460.1432	0	0.5811	0.6138	
286.1	594.5347	483.3916	0	582.8964	462.5649	0	0.5749	0.6159	
302.7	605.5720	485.4363	0	585.5524	457.9136	0	0.5816	0.6142	
319.5	602.9427	489.2820	0	585.0192	455.7243	0	0.5801	0.6152	
336.1	601.8014	488.6802	0	586.4993	465.4050	0	0.5802	0.6211	
352.7	596.5483	492.7076	0	585.2953	461.7995	0	0.5771	0.6214	
369.3	597.8938	488.5458	0	582.3359	461.8883	0	0.5763	0.6188	
386.1	595.5311	483.3378	0	582.4799	468.7402	0	0.5752	0.6198	
402.7	599.7337	489.8907	0	583.7288	455.0262	0	0.5779	0.6152	
419.3	603.3922	480.7751	0	587.1887	454.8202	0	0.5813	0.6091	
435.9	595.1475	490.2828	0	583.9099	458.0219	0	0.5757	0.6174	
452.7	598.3626	489.8246	0	584.4997	456.1974	0	0.5776	0.6159	
469.3	601.2441	484.5007	0	586.0413	454.0697	0	0.5797	0.6110	
485.9	597.7573	476.2265	0	580.6796	457.0366	0	0.5754	0.6076	
502.6	606.4380	483.1201	0	583.6330	456.3904	0	0.5811	0.6117	
519.3	606.2043	482.1052	0	579.0427	455.4227	0	0.5787	0.6104	
535.9	602.3656	478.2180	0	581.0768	448.0251	0	0.5779	0.6030	
552.5	614.1982	473.4369	0	594.1770	450.6062	0	0.5900	0.6016	
569.2	682.7530	454.7361	0	661.7395	420.4519	0	0.6565	0.5698	
585.9	732.0736	420.6533	0	715.6052	382.2950	0	0.7069	0.5228	
602.5	773.5549	397.1366	0	747.4268	365.3608	0	0.7427	0.4964	
619.2	813.1097	372.4329	0	787.8328	348.7307	0	0.7817	0.4695	
635.8	826.9989	354.7456	0	805.0932	339.3232	0	0.7969	0.4519	
652.5	834.6160	355.5091	0	804.6151	330.0767	0	0.8004	0.4463	
669.1	843.1050	340.3408	0	802.6982	345.5530	0	0.8036	0.4465	
685.8	824.2090	355.1449	0	803.4793	332.1852	0	0.7948	0.4475	
702.4	829.8130	369.3753	0	804.7284	326.6472	0	0.7981	0.4531	
719.1	827.8709	358.7870	0	810.7150	329.9033	0	0.8001	0.4484	
735.8	838.6040	360.5096	0	808.0340	327.8130	0	0.8040	0.4481	
752.4	840.8247	363.5363	0	813.0190	327.1074	0	0.8075	0.4496	
769.0	830.2149	365.4870	0	813.0532	327.7437	0	0.8024	0.4513	
785.8	833.8010	363.0118	0	811.9618	322.7785	0	0.8036	0.4465	
802.4	841.7616	355.8496	0	817.5322	327.0703	0	0.8102	0.4446	
819.0	844.8295	356.9244	0	820.4650	325.0295	0	0.8131	0.4440	
835.6	920.6862	298.7926	0	891.0546	267.9751	0	0.8846	0.3690	
852.4	931.8437	200.6369	0	909.4163	188.2246	0	0.8991	0.2532	
869.0	916.3498	154.9898	0	897.6424	119.8563	0	0.8857	0.1789	
885.6	917.2137	148.4437	0	906.2426	100.5501	0	0.8904	0.1621	
902.2	918.5827	149.5705	0	901.2141	86.2398	0	0.8886	0.1535	
919.0	917.6416	149.9139	0	906.6519	83.3123	0	0.8908	0.1518	
935.6	919.4052	154.1086	0	903.7282	82.3727	0	0.8902	0.1540	
952.2	922.2377	145.3032	0	900.7248	91.3300	0	0.8901	0.1541	
969.0	925.8875	148.3378	0	902.0498	82.0304	0	0.8925	0.1500	
985.6	924.5025	151.9306	0	905.8181	81.4946	0	0.8937	0.1520	
1002.2	833.1187	140.0331	0	821.5453	50.5360	0	0.8079	0.1241	
1018.8	684.7662	83.3956	0	681.9278	0.4989	0	0.6673	0.0546	
1035.6	558.5215	49.3645	0	570.4500	-52.6322	0	0.5513	-0.0021	
1052.2	511.6895	5.6488	0	481.5638	-83.6579	0	0.4850	-0.0508	
1068.8	504.9130	24.8185	0	494.7763	-86.1165	0	0.4881	-0.0399	
1085.5	503.7937	15.9559	0	484.2086	-88.8586	0	0.4824	-0.0475	
1102.2	506.5658	31.6671	0	495.1944	-98.3825	0	0.4891	-0.0434	
1118.8	499.6840	29.2059	0	485.8197	-91.0564	0	0.4812	-0.0403	
1135.4	506.6589	32.2474	0	493.6166	-93.7435	0	0.4884	-0.0400	
1152.1	501.2569	38.6047	0	484.1886	-98.8279	0	0.4812	-0.0392	
1168.8	495.0405	28.2357	0	480.5693	-90.2310	0	0.4764	-0.0404	
1185.4	501.3993	29.0442	0	484.2349	-89.1449	0	0.4813	-0.0391	
1202.1	493.5974	35.5319	0	492.9473	-94.4350	0	0.4817	-0.0383	
1219.1	506.2109	72.4980	0	473.5201	2.0097	0	0.4784	0.0485	
1235.7	501.9085	62.1136	0	491.1925	-28.4728	0	0.4849	0.0219	
1252.3	496.2169	58.8136	0	-1.0000	-1.0000	4	0.4846	0.0766	
1269.1	503.2995	49.2546	0	488.4902	-23.3910	0	0.4843	0.0168	
1285.7	498.2941	56.3351	0	484.3882	-29.9910	0	0.4798	0.0172	
1302.3	504.0090	76.5313	0	-1.0000	-1.0000	4	0.4922	0.0997	
1319.0	494.3856	72.6080	0	485.0446	-30.3938	0	0.4782	0.0275	
1335.7	492.1858	75.8691	0	479.6791	-17.7544	0	0.4745	0.0378	
1352.3	492.4779	70.0956	0	487.1295	-13.2216	0	0.4783	0.0370	
1369.0	405.4896	80.5985	0	411.2323	51.1781	0	0.3988	0.0858	
1385.7	336.0722	121.4943	0	332.8337	118.3466	0	0.3266	0.1561	
1402.3	330.4387	150.5027	0	324.3617	144.7373	0	0.3197	0.1922	
1418.9	333.0877	153.0996	0	325.1684	149.4356	0	0.3214	0.1970	
1435.6	323.8788	154.8449	0	321.3652	150.5593	0	0.3151	0.1988	
1452.3	305.1977	160.9960	0	325.1172	155.6791	0	0.3078	0.2062	
1468.9	329.4114	147.7365	0	322.0162	154.8399	0	0.3181	0.1970	
1485.6	320.2999	145.4641	0	322.3247	151.6728	0	0.3138	0.1934	
1502.2	320.5801	155.4642	0	328.1362	160.2098	0	0.3168	0.2055	
1518.9	329.0580	156.0081	0	323.5692	161.2356	0	0.3187	0.2065	
1535.5	319.1830	150.7275	0	318.4536	148.2491	0	0.3113	0.1946	
1552.2	322.4093	145.1816	0	319.2406	158.0481	0	0.3133	0.1974	
1568.8	320.3315	150.8891	0	316.1797	156.9384	0	0.3108	0.2004	
1585.3	-1.0000	-1.0000	4	-1.0000	-1.0000	4	-1.0000	-1.0000	
1601.9	-1.0000	-1.0000	4	-1.0000	-1.0000	4	-1.0000	-1.0000	
1618.4	338.7609	162.4426	0	326.5365	154.6266	0	0.3249	0.2064	
1635.1	340.6258	161.8756	0	322.5866	161.6882	0	0.3238	0.2107	
1651.7	332.2107	164.2178	0	324.0737	157.3638	0	0.3205	0.2094	
1668.3	334.3960	154.1681	0	334.0320	157.0621	0	0.3264	0.2026	
1685.0	331.0491	156.2336	0	328.8839	162.0825	0	0.3222	0.2072	
1701.7	332.7690	162.6872	0	328.9101	167.9363	0	0.3231	0.2152	
1718.3	329.3673	167.4727	0	321.4763	165.0019	0	0.3178	0.2165	
1735.0	341.4873	169.2828	0	331.6020	193.1861	0	0.3287	0.2360	
1751.7	407.1530	212.1040	0	409.2099	219.7588	0	0.3986	0.2812	
1768.3	483.0915	236.6028	0	478.3384	284.0768	0	0.4694	0.3390	
1785.0	508.5824	333.3672	0	-1.0000	-1.0000	4	0.4967	0.4341	
1801.6	512.9357	400.2971	0	-1.0000	-1.0000	4	0.5009	0.5212	
1818.3	506.3089	403.8676	0	527.9877	468.1209	0	0.5050	0.5677	
1834.9	517.7337	406.0847	0	522.6636	442.3437	0	0.5080	0.5524	
1851.6	527.6200	416.5751	0	516.0684	418.6910	0	0.5096	0.5438	
1868.2	530.0759	411.8688	0	529.3179	382.0542	0	0.5173	0.5169	
1884.9	532.8725	409.7818	0	506.4738	363.8918	0	0.5075	0.5037	
1901.6	522.0421	412.2115	0	530.8989	390.8999	0	0.5141	0.5229	
1918.2	524.8946	411.6835	0	520.6514	389.1405	0	0.5105	0.5214	
1934.8	522.4373	411.8472	0	520.1720	384.0078	0	0.5091	0.5181	
1951.6	535.7273	407.7977	0	525.0281	382.5995	0	0.5179	0.5146	
1968.2	521.8475	420.1042	0	522.4517	380.6375	0	0.5099	0.5213	
1984.8	528.1101	407.3924	0	517.7872	379.5071	0	0.5107	0.5123	
2001.4	530.3723	404.9632	0	528.0520	370.1883	0	0.5168	0.5047	
2018.2	533.0911	410.3023	0	526.1539	369.4805	0	0.5172	0.5077	
2034.8	527.2936	410.7725	0	525.4466	377.0607	0	0.5140	0.5129	
2051.4	536.1717	400.6863	0	533.1502	372.3787	0	0.5221	0.5033	
2068.0	530.1282	409.4005	0	526.7232	375.1444	0	0.5160	0.5108	
2084.8	527.5764	426.1990	0	527.0089	379.5345	0	0.5149	0.5246	
2101.4	537.5737	418.1689	0	532.3542	376.6611	0	0.5224	0.5175	
2118.0	547.0611	434.1424	0	547.1270	401.6469	0	0.5343	0.5441	
2134.6	654.3712	452.7255	0	646.3723	410.9519	0	0.6351	0.5623	
2151.4	773.4172	465.6536	0	723.6704	521.8894	0	0.7310	0.6429	
2168.0	839.9509	575.5123	0	-1.0000	-1.0000	4	0.8203	0.7494	
2184.6	-1.0000	-1.0000	4	-1.0000	-1.0000	4	-1.0000	-1.0000	
2201.3	993.7560	768.8618	0	-1.0000	-1.0000	4	0.9705	1.0011	
2218.0	927.8165	731.3686	0	-1.0000	-1.0000	4	0.9061	0.9523	
2234.6	919.6603	666.2720	0	-1.0000	-1.0000	4	0.8981	0.8675	
2251.2	900.1289	627.7390	0	843.5938	643.5355	0	0.8514	0.8277	
2267.9	890.5120	597.3738	0	835.0523	608.1585	0	0.8426	0.7849	
2284.6	893.1232	585.3813	0	849.3992	561.2264	0	0.8508	0.7465	
2301.2	891.7298	563.7533	0	854.7516	539.3261	0	0.8528	0.7182	
2317.9	891.0158	595.1550	0	859.2425	531.3749	0	0.8546	0.7334	
2334.5	890.0810	603.6048	0	862.3277	535.0347	0	0.8557	0.7413	
2351.2	890.3925	599.0174	0	862.8330	539.5534	0	0.8561	0.7413	
2367.9	889.0436	602.8149	0	865.2788	534.1033	0	0.8566	0.7402	
2384.5	887.9857	607.6395	0	867.3276	546.0178	0	0.8571	0.7511	
2401.1	894.0654	604.3922	0	866.2408	540.3737	0	0.8595	0.7453	
2417.8	899.4487	607.9517	0	866.8602	541.3598	0	0.8625	0.7482	
2434.5	891.7235	599.9706	0	867.7609	543.3419	0	0.8591	0.7443	
2451.1	894.5383	598.2141	0	871.4400	548.6104	0	0.8623	0.7466	
2467.7	898.6665	596.2952	0	862.2006	571.1996	0	0.8598	0.7601	
2484.5	890.2704	598.1077	0	863.8402	548.8614	0	0.8565	0.7467	
2501.1	891.8974	583.2277	0	868.1852	561.5072	0	0.8594	0.7453	
2517.7	885.9511	605.7858	0	865.4447	554.0421	0	0.8552	0.7551	
2534.3	884.4368	609.7702	0	869.5084	557.6642	0	0.8564	0.7600	
2551.1	883.8836	601.1081	0	861.9677	550.5166	0	0.8525	0.7498	
2567.7	890.6241	599.0481	0	867.3710	550.1190	0	0.8584	0.7482	
2584.3	892.7252	602.3600	0	859.5605	543.8776	0	0.8556	0.7462	
2600.9	886.7483	592.9143	0	860.3940	542.6506	0	0.8531	0.7393	
2617.7	881.9231	595.3585	0	864.1333	550.3440	0	0.8526	0.7459	
2634.3	829.9889	588.1959	0	818.5002	539.3959	0	0.8049	0.7341	
2650.9	665.1291	528.9298	0	675.4440	490.6885	0	0.6546	0.6638	
2667.7	512.1755	480.3489	0	545.2430	448.3625	0	0.5163	0.6046	
2684.3	402.6384	447.5613	0	427.0613	413.4853	0	0.4051	0.5606	
2700.9	300.5408	422.1782	0	326.3822	379.8135	0	0.3061	0.5221	
2717.5	252.6414	414.4535	0	264.4769	366.3455	0	0.2525	0.5083	
2734.3	252.6372	416.9568	0	259.4991	360.0964	0	0.2501	0.5059	
2750.9	255.8949	415.9261	0	265.1288	364.1597	0	0.2544	0.5079	
2767.5	257.2107	418.0514	0	259.0099	364.9124	0	0.2521	0.5097	
2784.2	261.1655	418.3831	0	262.1958	360.4838	0	0.2555	0.5071	
2800.9	257.2359	417.8560	0	257.5057	355.8874	0	0.2513	0.5037	
2817.5	261.0510	422.4458	0	254.1172	364.9093	0	0.2515	0.5126	
2834.2	-1.0000	-1.0000	4	-1.0000	-1.0000	4	-1.0000	-1.0000	
2850.8	266.5114	395.3022	0	263.4077	365.5002	0	0.2587	0.4953	
2867.5	264.2001	411.1729	0	267.1147	368.9669	0	0.2594	0.5079	
2884.1	257.6430	411.3116	0	259.8911	367.4758	0	0.2527	0.5070	
2900.8	264.3432	405.4211	0	261.9864	370.9536	0	0.2570	0.5055	
2917.4	264.8807	402.0014	0	260.4007	355.3360	0	0.2565	0.4931	
2934.1	252.7549	416.4333	0	260.6454	362.7048	0	0.2507	0.5073	
2950.8	257.5541	408.5013	0	249.3910	369.5298	0	0.2475	0.5065	
2967.4	262.5236	395.6549	0	253.4379	366.1748	0	0.2519	0.4960	
2984.0	263.7819	390.9974	0	255.4659	368.0543	0	0.2535	0.4942	
3000.7	251.0016	413.2325	0	255.3700	361.4017	0	0.2473	0.5043	
3017.4	252.6408	413.5324	0	255.7340	359.2237	0	0.2482	0.5031	
3034.0	256.4447	405.5085	0	256.7890	355.1174	0	0.2506	0.4952	
3050.6	255.5633	411.1944	0	246.6586	370.7300	0	0.2452	0.5091	
3067.4	259.2333	400.5185	0	254.0018	366.6056	0	0.2506	0.4994	
3084.0	261.9442	396.1698	0	252.9397	373.3255	0	0.2514	0.5010	
3100.6	256.4409	401.5837	0	250.6395	353.6410	0	0.2476	0.4917	
3117.2	256.8233	397.5925	0	254.0497	350.9547	0	0.2494	0.4873	
3134.0	258.9294	418.8794	0	256.2637	362.4752	0	0.2516	0.5087	
3150.6	265.1305	400.9100	0	254.1973	356.4222	0	0.2536	0.4931	
3167.2	260.9182	401.9271	0	257.3221	359.4871	0	0.2530	0.4957	
3183.8	259.3235	410.0959	0	260.4913	355.1976	0	0.2538	0.4982	
3200.6	267.5440	412.2593	0	252.4448	359.1213	0	0.2539	0.5022	
3217.2	260.7726	406.3888	0	258.2089	357.2307	0	0.2534	0.4971	
3233.8	257.3523	402.7446	0	250.2765	356.7275	0	0.2479	0.4944	
3250.5	270.9330	399.8544	0	257.8065	363.9630	0	0.2582	0.4973	
3267.2	264.5896	412.2845	0	255.3985	361.5534	0	0.2539	0.5038	
3283.8	265.3038	394.4610	0	258.6136	364.1055	0	0.2558	0.4939	
3300.4	262.4642	404.9876	0	253.5726	353.2380	0	0.2520	0.4936	
3317.1	267.8835	398.6542	0	259.5278	355.5919	0	0.2575	0.4910	
3333.8	270.7421	391.2687	0	258.8853	361.8415	0	0.2586	0.4903	
3350.4	259.5258	403.9628	0	259.2995	359.3707	0	0.2533	0.4970	
3367.1	269.5000	393.1272	0	259.6383	362.8216	0	0.2584	0.4922	
3383.7	268.6180	400.9632	0	258.9243	360.9030	0	0.2576	0.4960	
3400.4	271.5065	405.7635	0	256.5745	355.3239	0	0.2579	0.4955	
3417.1	268.3055	395.5731	0	260.3425	352.8968	0	0.2581	0.4873	
3433.7	265.3731	396.4353	0	260.1398	354.3147	0	0.2566	0.4888	
3450.4	268.4875	391.1059	0	267.1421	358.7175	0	0.2615	0.4882	
3467.0	266.2950	397.2431	0	262.0410	369.2463	0	0.2580	0.4990	
3483.7	271.6494	399.9820	0	258.8848	368.1845	0	0.2590	0.5001	
3500.3	271.5821	408.9310	0	261.1494	355.3498	0	0.2601	0.4976	
3517.0	269.9262	394.3227	0	264.9845	362.5970	0	0.2612	0.4928	
3533.7	277.6852	384.7933	0	258.7956	371.2977	0	0.2620	0.4922	
3550.3	277.8588	392.8054	0	261.8082	365.5960	0	0.2635	0.4938	
3566.9	267.5873	401.1165	0	270.9129	363.3792	0	0.2629	0.4977	
3583.6	266.9601	412.5304	0	265.7926	367.3265	0	0.2601	0.5077	
3600.3	258.8180	441.5752	0	244.2051	378.1681	0	0.2456	0.5337	
3616.9	244.7644	494.2135	0	232.3583	500.0594	0	0.2330	0.6473	
3633.5	245.2301	599.1414	0	225.9350	625.4896	0	0.2301	0.7973	
3650.3	232.2787	676.2016	0	223.0092	677.0129	0	0.2223	0.8810	
3666.9	253.3013	702.8650	0	224.6274	683.4812	0	0.2334	0.9026	
3683.5	254.4848	711.9409	0	220.1847	705.6700	0	0.2318	0.9229	
3700.1	248.9482	700.9387	0	238.6971	681.0362	0	0.2381	0.8997	
3716.9	252.1591	689.9283	0	235.9947	644.4253	0	0.2384	0.8687	
3733.5	258.2352	670.9601	0	239.6434	628.2908	0	0.2431	0.8459	
3750.1	260.0913	658.9276	0	239.0854	638.7002	0	0.2437	0.8448	
3766.7	256.2557	680.6217	0	245.3527	633.1660	0	0.2449	0.8553	
3783.5	250.9285	688.7781	0	250.5745	617.1283	0	0.2449	0.8502	
3800.1	248.7225	695.7700	0	242.1243	614.4577	0	0.2397	0.8530	
3816.7	251.2749	704.0657	0	241.2456	621.9416	0	0.2405	0.8633	
3833.4	247.8466	695.0773	0	246.5747	605.3259	0	0.2414	0.8466	
3850.1	246.7791	703.7017	0	236.7153	605.0844	0	0.2361	0.8521	
3866.7	247.2264	707.8930	0	241.0655	620.9956	0	0.2384	0.8652	
3883.3	245.5995	694.7345	0	237.2894	649.6936	0	0.2358	0.8753	
3900.0	251.8899	701.7935	0	255.5025	628.2898	0	0.2478	0.8659	
3916.7	250.1114	689.0246	0	244.3896	640.7986	0	0.2415	0.8658	
3933.3	254.0867	690.9269	0	241.4107	607.7704	0	0.2419	0.8455	
3950.0	252.5947	694.7388	0	246.1670	617.4132	0	0.2435	0.8543	
3966.6	259.5081	698.6134	0	243.9517	618.6069	0	0.2458	0.8576	
3983.3	249.7177	693.7860	0	251.0896	623.6824	0	0.2445	0.8577	
4000.0	249.7137	697.5132	0	248.4167	610.2805	0	0.2432	0.8514	
4016.6	247.1214	705.4242	0	245.5238	615.6947	0	0.2405	0.8601	
4033.2	244.8890	703.9085	0	252.8845	616.6161	0	0.2431	0.8597	
4049.9	360.8456	668.9303	0	356.1338	578.9871	0	0.3501	0.8124	
4066.6	504.4551	610.5226	0	501.1191	532.3097	0	0.4910	0.7440	
4083.2	632.9653	557.9254	0	615.7202	469.5051	0	0.6097	0.6689	
4099.8	709.1427	520.2063	0	700.6727	475.6680	0	0.6884	0.6484	
4116.6	726.9813	484.5059	0	710.7091	454.1451	0	0.7020	0.6111	
4133.2	-1.0000	-1.0000	4	-1.0000	-1.0000	4	-1.0000	-1.0000	
4149.8	-1.0000	-1.0000	4	-1.0000	-1.0000	4	-1.0000	-1.0000	
4166.4	741.9980	494.1742	0	718.2884	448.4572	0	0.7130	0.6137	
4183.2	737.4523	495.1645	0	718.6352	448.4786	0	0.7110	0.6144	
4199.8	737.1789	485.7477	0	720.6875	441.4969	0	0.7118	0.6037	
4216.4	736.9677	485.5176	0	718.6500	452.0851	0	0.7108	0.6104	
4233.1	733.0564	486.1309	0	720.4942	448.9789	0	0.7097	0.6088	
4249.8	735.1445	487.3730	0	727.3445	448.8774	0	0.7141	0.6095	
4266.4	741.1400	487.5120	0	718.2044	452.8960	0	0.7126	0.6122	
4283.0	750.0832	484.6942	0	731.4702	449.0909	0	0.7234	0.6079	
4299.7	764.6889	473.7644	0	735.5989	440.8046	0	0.7326	0.5954	
4316.4	745.7298	479.6697	0	738.3383	441.9742	0	0.7246	0.6000	
4333.0	749.1797	497.5144	0	738.3206	439.6095	0	0.7263	0.6101	
4349.6	746.4457	487.8963	0	742.8492	438.2544	0	0.7272	0.6030	
4366.4	752.6913	472.7213	0	740.8078	436.6781	0	0.7292	0.5921	
4383.0	754.5727	472.6923	0	735.3091	432.4121	0	0.7275	0.5893	
4399.6	755.9085	475.1710	0	738.4327	431.3376	0	0.7297	0.5902	
4416.3	754.1227	479.8442	0	745.5521	433.9428	0	0.7323	0.5949	
4433.0	754.2823	475.4731	0	742.4023	441.8705	0	0.7308	0.5972	
4449.6	762.1557	488.4706	0	739.0183	437.3993	0	0.7330	0.6028	
4466.2	761.0328	474.2634	0	740.6633	441.8693	0	0.7333	0.5964	
4482.9	755.8828	467.3372	0	737.1038	439.1226	0	0.7290	0.5901	
4499.6	739.7572	467.1026	0	736.2836	427.4731	0	0.7207	0.5824	
4516.2	611.3069	408.7682	0	624.3304	362.4687	0	0.6033	0.5021	
4532.9	536.3648	360.6327	0	559.0186	338.6531	0	0.5349	0.4553	
4549.5	523.8134	347.6510	0	547.0644	328.0032	0	0.5229	0.4399	
4566.2	524.7252	358.7712	0	542.7742	320.7645	0	0.5212	0.4424	
4582.9	530.1556	355.2736	0	544.7496	321.5521	0	0.5249	0.4406	
4599.5	531.3496	352.3816	0	544.4249	331.0365	0	0.5253	0.4449	
4616.1	525.8983	364.4187	0	545.2200	324.4703	0	0.5230	0.4485	
4632.8	531.6714	357.9270	0	543.8012	320.8289	0	0.5251	0.4419	
4649.5	534.0527	354.0083	0	539.9460	326.0961	0	0.5244	0.4428	
4666.1	536.7706	353.1662	0	537.7196	309.5142	0	0.5247	0.4314	
4682.7	541.4257	348.2171	0	543.3983	302.1955	0	0.5297	0.4234	
4699.5	535.8465	347.6556	0	546.0703	311.7182	0	0.5283	0.4293	
4716.1	539.9954	336.7188	0	546.2476	316.0637	0	0.5304	0.4250	
4732.7	548.1604	345.7374	0	549.3271	311.1736	0	0.5359	0.4277	
4749.3	551.2559	347.7743	0	543.6907	315.1069	0	0.5346	0.4316	
4766.1	550.3711	348.3374	0	543.9750	310.6279	0	0.5343	0.4290	
4782.7	547.2785	348.8024	0	540.6595	313.9649	0	0.5312	0.4315	
4799.3	539.4301	353.2516	0	541.7715	317.5226	0	0.5279	0.4367	
4816.0	542.1427	347.0138	0	544.5330	313.2027	0	0.5306	0.4298	
4832.7	548.2242	351.6312	0	541.4870	310.0818	0	0.5321	0.4308	
4849.3	445.7181	325.8542	0	465.4233	303.8862	0	0.4449	0.4100	
4865.9	329.9707	290.9832	0	352.7944	271.1784	0	0.3334	0.3660	
4882.6	254.1842	260.3572	0	271.4402	236.7182	0	0.2567	0.3236	
4899.3	218.4489	242.2686	0	225.9342	210.6070	0	0.2170	0.2948	
4915.9	221.6024	241.3733	0	227.7374	198.9903	0	0.2194	0.2867	
4932.6	222.5391	234.5293	0	225.7601	202.3026	0	0.2189	0.2844	
4949.2	226.7545	234.5944	0	227.2797	209.5439	0	0.2217	0.2892	
4965.9	227.1532	234.2151	0	226.5173	202.5014	0	0.2215	0.2843	
4982.5	229.0742	238.2410	0	223.8051	201.3527	0	0.2211	0.2862	
